,Utterance,Response
74,"wednesday and thursday in seattle, 's big conference ğŸ‘","wish, but can't travel. enjoy!"
302,haven't touched my ps4 in weeks but i think tonight i will finally start uncharted 4. totally forgot that i bought it lol,i've downloaded mine earlier this morning so that i can complete it. ğŸ‘
3390,i like that ğŸ˜ƒğŸ˜ƒğŸ˜ƒğŸ‘,good day all
4734,"my mom to me: ""please consider growing your hair out"" me to the hairdresser: ""please make my hair shorter""",looks like you're ready to take on the germans and their pony tails next time they try and take nakatomi plaza ğŸ‘
5952,great! don't do it for me tho; do it for the people who need to be convinced to vote for her in nov. ğŸ‘,if you dont know by now maybe you need a trophy?
6648,buffalo bills have the ugliest uniforms in the league.,lol jets needed that winğŸ‘
8844,this interview was less than 20 seconds.,"c'mon it is jesse watters, nice guy, but not cronkite. 20 secs is a lot of tv. ğŸ˜ƒğŸ‘"
14228,"i'm just the moderator ;) also have withings represented, so broader conversation.","as 's noted, open has cost. needs compatibility w/business model, industry rep important! ğŸ‘"
14540,that's true! as long as you have a stable wifi connection ğŸ‘,stable &amp; high speed is a must for me.
14952,house approves bill to ban gitmo transfers for remainder of president obama's term,should have done this a long time agoğŸ‘ğŸ‘ğŸ‘
15714,yeah. sorry this is happening. again ğŸ¥,enjoy directing â¤ï¸ğŸ˜€ğŸ‘
16158,enjoy directing â¤ï¸ğŸ˜€ğŸ‘,your the bossman today .way to go ğŸ˜€ğŸ‘
16328,working on the afternoon updates. ğŸ‘ŠğŸ¼ğŸ‘,drought denting rains sun/mon in nw nj?
17978,"hi liza, last time we were there,went to the prime rib was dee-lish-us. pizza': my fav is",i was also gonna say lou malnati's. ğŸ‘
19016,"line status: 8:30am-9am window, got here at 8:15am. it's 9:35am and there are still 15 people in front of us. good job, apple. ğŸ‘","update: i have my phone, but they're trying to figure out a bug with the upgrade program. they're talking with someone from hq about it ğŸ‘"
19226,"update: i have my phone, but they're trying to figure out a bug with the upgrade program. they're talking with someone from hq about it ğŸ‘","and my iphone 6s plus battery is down to 9%, after only 4 hours of use ğŸ™ƒ"
20398,do you mind linking me on what he said? :0,"hmm, i'm assuming you have fingers. twitter feed ğŸ‘"
20544,buyer's remorse.,"yes, but we didn't ""buy"" she stole now worried about losing ğŸ‘"
22320,"you want to buy ferrari, to full up every 2 miles. when you stop restricting data. i'll be the first to come aboard, for now at ğŸ‘",so they do throttle data?? maybe i ought to go to as well.
22768,by the way your won congrats bro ğŸ˜ƒğŸ‘,thanks my brother big game 4 u sunday
23484,and it failed to install the first time ğŸ˜‚ luckily for apple i'm already familiar with how broken everything is. imagine a new customerâ€¦,"iphone 7 running, but it didn't restore my icloud backup even though i selected it, so now i'm starting over ğŸ‘"
23660,trump is a genius!!! he got the media to broadcast the opening of his brand new luxury hotel in d.c. ğŸ˜‚ğŸ˜‚ğŸ˜‚ğŸ˜‚ awesomeğŸ‘,what's odd is how msm doesn't talk of . claim that dt is racist seems to get watered down if he is brought up.
23740,trump is a genius!!! he got the media to broadcast the opening of his brand new luxury hotel in d.c. ğŸ˜‚ğŸ˜‚ğŸ˜‚ğŸ˜‚ awesomeğŸ‘,then there's relationship with clinton/ al sharpton... no bigotry there. absolutely ridiculous.
24008,"iphone 7 running, but it didn't restore my icloud backup even though i selected it, so now i'm starting over ğŸ‘",now it's restoring the backup. time remaining: 2h ğŸ˜‚
24166,"sorry, we're all stuck in the writers room. but we did pay a visit to uss wayne e meyer during la fleet week.","i figured you all would be too busy with writing and getting filming set up for next season, steven. ğŸ‘"
25062,replaced my airport express with a at home. little extreme to have a mesh network in an apartment but itâ€™s so much speedier. ğŸ‘,really? even just one access point made a difference? i wasnâ€™t familiar with these guys before.
25432,lol tango man ğŸ‘,cherry flavor ğŸ’
25764,- wondering if you've had a chance to look at the reswift design pattern? any thoughts on if/how it fits with mvvm? rxswift?,"thatâ€™s the redux port, right? i havenâ€™t used it yet, but iâ€™m using redux now and really like it ğŸ‘"
26224,we've all been there ğŸ‘,. this is basically football season in a nutshell. it's like scoring a td before the game even starts.
27116,streaming stuff and lots of choice ğŸ‘ğŸ‘,home theater station
28150,"bills offensive not so bad, dolphins defensive is very good they played pretty well against seahawks ğŸ˜ƒğŸ‘",seattle no more beast mode wilson hrt
28924,"finally returning my original upgrade program, and they're telling me they did it wrong and i need to return my new one and do it all over.",i've been here for 6 hours now. congrats on a very smooth launch ğŸ‘
29258,"all good, you're always helping out people so kinda knew if you was involved it meant something happened ğŸ‘",hello: please don't @ me on non-design-related issues for kick. thanks! ğŸ™‚
29340,"same! itâ€™s going to need some getting used to, but overall. very pleased.",instantly comfy with it. ğŸ‘
32944,still waiting? how many numbers more?,gotta come back monday. flight is also...monday. ğŸ‘
34254,is bound today! âœˆï¸ lots of clips up this week on,"have a wonderful trip, concert, and shopping! wish i could be there! ğŸ˜âœˆğŸ»ğŸ€ğŸ‘"
34502,i've been here for 6 hours now. congrats on a very smooth launch ğŸ‘,aaaaand it's all working now (we'll see how many duplicate charges i have now). total time: 7h 45 min. price: free case and $200 gift card.
37164,"picture this: matching. handbags. jenn, we need it right? you and i, we need to have this??",yisssssssssssssss????? ğŸ‘ğŸ‘ğŸ‘ğŸ‘
37644,they will be surprised to find out women in the usa ğŸ‡ºğŸ‡¸ are locked &amp; loadedğŸ”«ğŸ”«,love that you know we women are locked &amp; loadedğŸ‡ºğŸ‡¸ğŸ‘
38232,they fear you.... good!,"love you, stay with it please, we need youğŸ‡ºğŸ‡¸ğŸ‘"
39460,with my car dashboard widget,love how you made the weather icon a moon because it's dark mode lol ğŸ‘
44274,who's watching ? what do you think of blonde five?!?,looking great with any color hair ğŸ˜€ğŸ‘
44822,here for the game and to pay our respects to the old stomping ground. go irish.,didn't know that about you. ğŸ‘
45852,collin is very handsome margarita ğŸ¶â¤ï¸ğŸ‘,he's such a great dachshund; yes handsome2.
46058,collin is very handsome margarita ğŸ¶â¤ï¸ğŸ‘,thank you craigoğŸ’•
49114,did you make it into the ocean today? just curious! hope you are enjoying ca. ğŸ‘,"nah, tomorrow is beach day. today was devoted to the zoo."
52888,"nvm, i thought it was a restaurant... looks really goodğŸ‘",i c. it is ikea 's yearly crayfish festival. all ikea stores have it i believe.
55914,vlog 1607 - a is for ackbar... what would you include in a star wars alphabet? ğŸ‘,b is for boba fett
55922,vlog 1607 - a is for ackbar... what would you include in a star wars alphabet? ğŸ‘,c is for chewbacca
55942,vlog 1607 - a is for ackbar... what would you include in a star wars alphabet? ğŸ‘,d is for darth maul......i can't stop now
56288,. i hope you watch cashinin today. i went back to my economic roots. fair and balanced. would appreciate your post show comments.,bout timeğŸ‘ğŸ‘ğŸ‘
56360,i think it's time for an eric bolling show of his own! say 7-8 pm,anen to thstğŸ‡ºğŸ‡¸ğŸ‡ºğŸ‡¸ğŸ‘ğŸ‘ğŸ‘
57370,"it's clear mark cuban plans on challenging president trump, for the nom, in the 2020 primaries.",if trump achieves 6o% of his policies -good luck w that challengeğŸ‡ºğŸ‡¸ğŸ‡ºğŸ‡¸ğŸ‘
58236,"here's video of trump walking out in miami to ""do you hear the people sing"" from les mis:",this is spectacularly awesomeğŸ‘ğŸ‘ğŸ‘
58812,so appreciate you and the opportunity you gracious provide to appear on your program charles. stay blessed my friend!,charles is the best eboni and you are not far behindğŸ‘ğŸ‘ğŸ‘
59060,my nominee for best semi-obscure-literary-reference tweet of the week.,there's also a good movie reference in bio. ğŸ‘
59334,"hey cnn, you've just been trumped! lol ğŸ˜‚ğŸ‘",when you're cookin' you're cookin'
61968,my morning routine is done ğŸ‘,are you growing out your hair now?
62026,guess who's getting their hair did today?,can't wait to see it ğŸ˜˜ğŸ‘
66170,also the game kicked out two of my teammates and wouldn't let them join back lost 30 points ğŸ‘,oh and he got hit with a ban for getting disconnected and not being allowed to join back.
67136,"jrs ""tired of everyone dumping on revis.."" so his remedy to the problem is dump on him some more?? makes sense!","according 2 jr's logic, when the fat kid's gettin bullied, everyone who's tired of it shld point out his big bellyğŸ‘"
67228,"according 2 jr's logic, when the fat kid's gettin bullied, everyone who's tired of it shld point out his big bellyğŸ‘","then there are the reporters who take daily shots on twitter at , like . if you're a professional journo w/integrity,&gt;"
67910,congrats on the big news from this weekend ğŸ‘,"thanks owen, exciting news indeed!"
68780,and out it together.,it's pretty solid ğŸ‘
69088,wow when you give a window of 11-3 these delivery drivers don't play around. new washer/dryer unloading at 11 ğŸ‘,well i would try out the speed queen but the pumpkin patch is seriously calling our names ğŸƒ
71836,i did steal a couple of pieces ğŸ˜‹ğŸ‘,i know! oh girl! i miss you! ğŸ˜¢ğŸ˜¢ğŸ˜¢
71868,"true that!but u'll be at 999 in his priority list,may fall out of the list even!ğŸ˜Š star-follower relationshipğŸ‘","if u start counting from 1000 backwards, 999 is 2nd in the priority listğŸ˜Š idol-fan relationshipğŸ‘"
73530,who's ready for the new years tradition of eating tiny chocolate covered hot dogs? ğŸ˜©ğŸ™ŒğŸ‘ŒğŸ‘,is this a thing ?
73558,it's brilliant!! saves me a fortune! hope you are enjoying your new big aircraft!! ğŸ˜„âœˆï¸,i am thank you â˜ºï¸hopefully cross paths down-route somewhere soon! â˜ºï¸ğŸ‘
74850,great time at yonkers flag football this morning. best surprise was seeing one of my high school football coaches.,welcome to yonkers next time stop by my house and say hello ğŸ˜€ğŸ‘
74992,ooooo oh ok i'm at a wedding in brooklyn and heading back to lower manhattan where i'm staying and ride,webster's downtown ğŸ‘
75030,webster's downtown ğŸ‘,"perfect, yea i've walked by it before one night"
75216,no it was great... butt pirates....so fantastic. it was great. great job sir (takes a bow to mr fantastic)ğŸ‘ğŸ‘ğŸ‘ğŸ‘ğŸ‘ğŸ‘ğŸ‘,"thanks man. really appreciate that. nowhere near as clever as ""chickens"" but i'm new at this, so i appreciate the ğŸ‘"
75220,/e-ville w/a great selection of ur fave flaves! stop by while the selection is good! here till 6p. ğŸ‘ğŸ˜‹ğŸ‘,"gerry licking her lips anticipating your ""chocolate explosion"""
75780,"i said of the mid-'10s, ala '15-17. obv idk how se2 ends &amp; or if/what se3+ will bring, so far tho there's little to match it.",imho of course ğŸ‘
76982,hello there did you get the letter ??,nothing to my house mate and not in the parlour until tomorrow 9.30am ğŸ‘ğŸ‘
77232,- remember great one check out thisğŸ‘,awesome singer reminds me of goth minister
78020,these all look like great spots! love the look of coava. going to check these out! thanks ğŸ‘,"if you need recommendations in two weeks for nyc coffee (and/or comida colombiana), let me know!"
78702,. 3 rd september at aviation social center rate :15ghc performance live ğŸ‘,brand new tune
78732,i just voted for victor for 's ! cast your vote now!,awesome!!!ğŸ‘
78748,. 3 rd september at aviation social center rate :15ghc performance live ğŸ‘,brand new tune
78782,. 3 rd september at aviation social center rate :15ghc performance live ğŸ‘,brand new tune
79038,al be back cycling tuesday after a year out,good man mate start off easy ğŸ‘
79070,"hey man, i've been great! busy! u? do you have something for me to hear? demo or sample? and did you already write lyrics? ğŸ˜ğŸ‘",good pal. thanks! sure dm me ur email and i will have the track sent in a couple of days. if u like it we can start right away.
79518,"hey man, i've been great! busy! u? do you have something for me to hear? demo or sample? and did you already write lyrics? ğŸ˜ğŸ‘",as for lyrics buddy. i'll explain everything in the email. ğŸ‘ğŸ¼
79916,the ones that say everything you never knew ğŸ‘,gr8 i see the group-now to find the right vid!
80114,thank you anneâ€¼ï¸ that wasn't so hard. you're ok in my books...(for a mets fan)ğŸ¤“,same -- for a fan ğŸ‘
80304,"sometimes even gotham girls can't help but love batman! happy batman day, everyone! ğŸ’—ğŸ‘",also what despicable device did you and ivy use to make batman so smoll
81568,updated ranks as well...,"hey should i start joe smith over obj, i know he's rated lower but i think his matchup is ğŸ”¥ğŸ”¥ğŸ”¥ğŸ”¥ğŸ”¥ ğŸ‘ğŸ‘ğŸ‘ğŸ‘"
81704,yes! it better be on there,yea only 2 more left so its on ğŸ’ªğŸ‘
83468,it has been perfectly fine for me in the years iâ€™ve used it like this?,"if so, we ideally should update the docs ğŸ‘"
85304,sounds like you are made of hardier stuff than us wimpy californians. ğŸ‘,i... guess? it honestly didn't feel that cold after i got used to it.
85352,sounds like you are made of hardier stuff than us wimpy californians. ğŸ‘,"it's definitely possible that i'm just crazy or insensitive to cold water, though."
86018,have a blessed friday everyone,love your awesome ass pounding and cock gagging videos ğŸ˜œğŸ˜œğŸ˜‚ğŸ˜˜ğŸ˜˜ğŸ˜˜ğŸ‘ğŸ’¯ğŸ’¯ğŸ‘
86266,"blacked out jeep wrangler 75th anniversary edition, just got it lifted and news rims on it what do you guys think",looks good ğŸ˜ğŸ‘
86966,hope you're feeling better. ğŸ˜Š ğŸ‘,"i only feel okay when i take my pain meds, once they wear off its painful as hell like now"
87722,"antioch panthers (3-1) @ de la salle spartans (3-1) ğŸ—“ friday september 23rd â° 7:00pm ğŸ“1130 winton dr, concord, ca",for sure!!! wish it was moved to saturday so i could attend! lol good luck ğŸ‘ğŸ‘
89986,ugh plus vic is better eye candy ğŸ˜‚ what a beautiful human being.,he sure is. ğŸ˜ğŸ˜ğŸ˜ğŸ˜ ğŸ‘
91272,looks like a great day!,it was. our boys lost but played wellğŸˆğŸ‘
93824,all bad news should be accompanied by a photo of a kitten,i would vote for that ğŸ‘
94764,hurricane train,"did i see a thomas the tank engine train towards the end of video? lol hope you &amp; the family had fun, despite the rain ğŸ˜‰ğŸ™‚ğŸ‘"
95564,"this evening, i watched 2 m:i episodes and the mannix pilot, all scored by lalo schifrin.",sounds like a great night.ğŸ‘
97428,i'm not around a lot but i wanna help when i am.,i appreciate the help ğŸ‘
97478,i'm not around a lot but i wanna help when i am.,well i appreciate that ğŸ‘
97480,have a beer for me...or 2...or 3!! haha ğŸºğŸ‘ğŸºğŸ‘,"tomorrow i am experimenting w/ gin! beginning of 20 b2b drink recipes! so, decided to have tiki!"
98150,"sure, because we can't have different opinions.",agreed. thanks for the support! ğŸ‘
98446,no! thank you for being awesome! i appreciate your support :d,aww!! thank you ğŸ˜†ğŸ‘ğŸ˜‰ you officially made my night â˜„ğŸ˜†ğŸ‘
98660,dunno yet. baka northern bronx. we did look at some houses in queens though. nothing finalized yet. still searching.,"ah ok.. well, goodluck on the search. hope you can find a good one ğŸ‘"
104612,"have a gr8 day m8,thanks for the hospitality last week",great to have you in mate! what a day! hh ğŸ€ğŸ€ğŸ‘
105096,"faith, family, giants football...its gameday!!!!!!!!!",meet at the quarterbackğŸ‘
105382,"great win for at byu! looking forward to 1- next week's showdown vs stanford 2- caffeine, once across utah state line ğŸ‘","careful what u wish for, josh! that stanford team is really good!"
105536,.you are just being mean sending this tweet - trying to discourage me from helping others ....,greta no one thinks your on par with lowlife clintons. every dog has their day! they will have their's.ğŸ‘
106558,ğŸ‡ºğŸ‡¸ repent be contrite with sincerity! american needs faith revival!ğŸ‡ºğŸ‡¸,ğŸ‘ gov. christie is excellent for campaign! keep him on air defending!! ğŸ‘ğŸ‘ğŸ‘
106628,ğŸ‘ gov. christie is excellent for campaign! keep him on air defending!! ğŸ‘ğŸ‘ğŸ‘,ğŸ‘ğŸ‘ğŸ‘gov.christie is excellent for campaign ! keep him on air defending!! ğŸ‘ğŸ‘ğŸ‘
108062,itâ€™s like â€™s crown!,oh there it is!!! ğŸ‘ğŸ‘ğŸ‘
109406,likewise bro have a day ğŸ»ğŸ»ğŸ˜ƒğŸ‘,as long as i'm watching football all is right also mets &amp; giants tied for
109422,likewise bro have a day ğŸ»ğŸ»ğŸ˜ƒğŸ‘,first playoff wildcard spot ooooh
109930,who's your vote for ? vote now.,"victor, all day everydayğŸ˜‰ ğŸ‘"
110960,"oh please stop liking you're own posts, it's pathetically",i mean i never seen an old lady we such a need for attention but we can call that humor ğŸ‘
112366,bring home a w. duda is staring at 1b,got the kingman shirt onğŸ‘
113046,leadership book i started reading from . everyone can encourage ela focus.,thanks! lmk if you have any questions or comments along the way! ğŸ‘
114030,love how you tie an entire thread together over many months. ğŸ‘,"heh. once told us that we're ""roadmap investors"" in certain categories. why not ""roadmap"" in form of tweets? ğŸ˜‰"
116996,"if ur more concerned about calling a bomb a bomb, shred ur credentials u left biased pos's!","as always, you say what a lot of us are thinking. thank you!ğŸ‘"
117746,it's not fair! try lyft next time &amp; get $50 in credits w/code lyfthasfreerides enjoy!ğŸ¤˜ğŸ½ğŸ‘,thanks! iâ€™ve got $100 in lyft credit so i think iâ€™m switching over. uber has been failing pretty badly on customer service
119572,gr8 msg &amp; community ğŸ‘,i'll be back
120252,he put some pics up really nice with a matching curved sound bar awesome setup ğŸ‘,yeah my wife likes tv too much so i need something for the mancave
120432,i'm directing something really special in tahiti for 10 straight days. once i have more info i'll share it with u guys!! ğŸ˜,good luck ğŸ˜€ğŸ‘
127028,exactly!! you can be my eyes for the giants game ğŸ‘ğŸ‘,so far you missed cardinals hitting a 2 run home run ğŸ˜•
127530,where u at?,"sugar pine state park, west lake tahoe. former olympic cross country trails ğŸ‘"
128480,"looking for good movers in sf, something like clutter (they are too pricey now.) anyone got suggestions?","pat ryan has moved me twice and is wonderful. friendly, fast, under budget ğŸ‘"
128794,my face after almost dropping the beloved family cheesecake. ğŸ‘,well that was close.
129854,hmm - maybe try a side by side comparison?,"i have done that, &amp; now pear is definitely my new favorite! ğŸ‘ŒğŸ‘"
131644,six out of seven on this trip ğŸ‘,i'll take that
132576,"so when a jew says that it's great my people are being exterminated, we can throw him in prison? ğŸ‘",no. jews can't be guilty of hate speech.
137356,want a sneak peek at something we're working on for 2017? check out the beta race control!,"suggest bringing the line spacing way down in list view to fit more data on screen. otherwise, cool beans. ğŸ‘"
137400,thank you for live tweeting so i can watch the ball game instead ğŸ‘,ha. i have said nothing useful so far. i might be failing you.
137688,find the ugliest air conditioning unit and can make it work.,lol the art of awkward photographer stances hah but we get solid shotsğŸ˜‰ğŸ‘
140966,drowning my sorrow with this. thanks a lot jaguars.,lol tim and i hit mongolian bbq place on way home. ğŸ‘
141354,still an order of magnitude &lt; than the tech ind today...but you also have to think about wealth effects over time,it's a good bit of context. ğŸ‘
141754,"current mood. steering rack broke on me, haven't driven in a week. waiting on new parts like.","damn that sucks. hang in there. next thing you know, you're back on the road again ğŸ˜ğŸ‘"
141934,plz retweet!! you roasted heel wife into hiding ğŸ˜‚ğŸ˜‚ğŸ˜‚ğŸ˜‚ğŸ‘ğŸ‘ğŸ‘,you teach bad manners to kidsğŸ™‚ğŸ™‚ğŸ™‚ğŸ™‚ğŸ™‚ğŸ™‚ğŸ’€ğŸ”«
141988,plz retweet!! you roasted heel wife into hiding ğŸ˜‚ğŸ˜‚ğŸ˜‚ğŸ˜‚ğŸ‘ğŸ‘ğŸ‘,is that how you two produce?...she wears masksğŸ˜œğŸ˜œğŸ˜†ğŸ˜†ğŸ˜†
143002,really considering streaming some games on when i get home. maybe i'll feel better about taking the time to game that way.,go for it!! it's a really fun and fulfilling time ! â¤ğŸ˜ƒğŸ‘
143448,ğŸ‘ğŸ‘ğŸ‘gov.christie is excellent for campaign ! keep him on air defending!! ğŸ‘ğŸ‘ğŸ‘,the removal of armed bodyguards for hillary was stated so poorly it's a turn off to many!
143678,"hi alethia, my name is tiana, and i too have an addiction. ğŸ˜‚","hi guys, thanks for helping fund my paycheck. i appreciate it ğŸ˜ŠğŸ‘"
144410,spoke to nyfd- they think a transformer blew up under wiloughby. they checked &amp; took off pretty quickly so i think all is well. ğŸ‘,"ohh, thanks for sharing! glad it wasn't anything too serious."
147258,"hmmm ... we might have the return of ""peanut butter jelly time!"" ğŸ˜‰ğŸ‘",i'm sure in it's a one time deal. i bet even the pre-schools only allow gluten/nut/sugar free versions
147548,rt if you rememberğŸ‘,sausage party! yeah i remember this movie.
147754,"this account is not operated by nike. at this time, no upcoming restocks have been announced or confirmed.",ok thank you ğŸ‘Œ ğŸ‘
148348,excited to start my new gig tomorrow!,wow congrats &amp; good luck!! ğŸ˜ŠğŸ‘
148914,wishing my family the best at the tonight!,"best season finale out of all the seasons , bravo to the crew of best show looking foward to next season ğŸ‘ğŸ‘ğŸ‘ğŸ‘ğŸ‘ğŸ‘ğŸ‘ğŸ‘"
149038,"as he presents, wishing congrats on his award for guest actor in !",congrats hope they use you next season love your wacky character ğŸ‘ğŸ‘
149376,our airport life. is loving her by verizon hat.,congrats on the p3 today!! ğŸ‘
151618,anyone rent a room using ?,"2nd read... i haven't rented out a room, i only rent myself ğŸ‘"
151658,reading the lyft manifesto... had no idea that the ferry building in sf used to be blocked by an elevated freeway!,"yeah, like a million times better now ğŸ‘"
151794,or maybe it's as real as 3 terrorist attacks in us in one weekğŸ¤”you sound nervous ğŸ˜‰ğŸ‘,yeah and there's a god too
151874,stoney out ğŸ¤˜ğŸ¼,"check out my avi, lemme get a follow ğŸ˜ğŸ”¥ğŸ‘"
152910,or maybe it's as real as 3 terrorist attacks in us in one weekğŸ¤”you sound nervous ğŸ˜‰ğŸ‘,that cunt will never get 270 electoral votes and on nov 8th i'll say to him ğŸ’…ğŸ» bye delicia ğŸ–•ğŸ¼ğŸ‘ğŸ¼
153194,"kiss kiss is one of my favorites, and nice guys felt like more of what i love of that.",life itself nearly brought me to tears. makes me want to go back and read ebert work for old favorites. ğŸ‘
153266,i will be on tomorrow on the big board at 7:40am est and then at 11am est. hope you will join me. â¤ï¸,can't wait to see youğŸ‘
153378,i will be on tomorrow on the big board at 7:40am est and then at 11am est. hope you will join me. â¤ï¸,my goodness!!! the punishment is overğŸ‘ğŸ‘ğŸ‘ğŸ‘ğŸ‘ğŸ‘ğŸ‘
155740,thanks catherine! we sit next to each other in the newsroom too!! lol,"it's early, going on very little sleep this weekend, love watching you guys first thing in the morning!!ğŸ‘"
156348,"press failure has been the big, unpleasant surprise of this campaign.",haha. priceless coming from blatant shill krugman. most msm tied ğŸ‘
156748,"- food is incredibly fucking terribly pricey compared to berlin, the shock when they ask you 30 euros for a side of veggies &amp; a mojito!",- veggies are better when sautÃ©ed in butter. wayyyyy better. ğŸ‘
156752,"yes. you sent me pics. so, you finally wore it out? sweet! ;-) ğŸ‘",hehe of course you know that dress i forget who is who here on twitter sometimes ğŸ˜‰
156768,- veggies are better when sautÃ©ed in butter. wayyyyy better. ğŸ‘,"- every single restaurant in harlem is a ""french restaurant' or bears a french name. go figure! :) ğŸ‡«ğŸ‡·"
156782,nothing like working outside in this weather...we're soaked! â˜”ï¸,i can give you the bright side. we need the rain. also it will help us allergy sufferers ğŸ˜€ğŸ‘
157256,became really damn real when that push alert said they are looking for a specific person with a specific face.,"especially right before a metro ride through the whole of manhattan, hitting all the major hubs. ğŸ‘"
157524,ğŸ‘ğŸ‘ğŸ‘gov.christie is excellent for campaign ! keep him on air defending!! ğŸ‘ğŸ‘ğŸ‘,stay off twitter! dems distort your candid opinions! be more humble to win ! ğŸ‡ºğŸ‡¸
158708,that's messed up! try lyft next time &amp; get $50 in credits w/code dale96 enjoy!ğŸ¤˜ğŸ½ğŸ‘,hey! thanks but that code is only valid for new users
159220,"especially right before a metro ride through the whole of manhattan, hitting all the major hubs. ğŸ‘",looked at the photo before leaving but with me it's actually useless.
160270,wait so it was the state dept's fault that there were conflicts at the clinton foundation? interview,boy did i miss your on target sage commentsğŸ‡ºğŸ‡¸ğŸ‡ºğŸ‡¸ğŸ‡ºğŸ‡¸ğŸ‘ğŸ‘ğŸ‘
162658,dear god! i need to go to this!,please join us! ğŸ‘
163590,"please don't shaddup. let's show this country what ""immigrants"" look like (e.g., like anyone)","iâ€™ve been looking for coping mechanisms to deal with my choice to stay in this awful country, â€œimprove americaâ€ might be itğŸ‘"
164368,it's 1am and i'm drunk in bed alone watching svu and liking my own tweets how's ur life going,and there's nothing wrong with that. ğŸ‘
164376,i learned to drive on a 3-on-the- tree ğŸ‘ğŸ‘,me too and the big bench seat w no ğŸ‚ğŸ’© in the middle
164646,ga charlie &amp; girls! blessed sundayğŸ’–â˜•ï¸,happy monday lovely people hope your day is a great one ğŸ‘
164866,nice little birthday haul...ğŸ“šğŸ’¿ğŸ‘,happy birthday!:)
165036,i respectfully disagree. would call it more of an untended prejudice. racism is used to carelessly these days. just my opinion,"definitely unintended, agreed, but prejudice based on race seems like racism to me. thanks for helping keep convo civil btwğŸ‘"
165428,i'd follow this truck just to finish reading his tailgate! great!ğŸ‡ºğŸ‡¸ğŸš‚ğŸ‡ºğŸ‡¸,great catch! i bet they get a lot of high fives and honks! ğŸ‘
166622,"pantherland will be open from 3-8pm today and 5-8pm tuesday-friday, by the way. ğŸ‘",anyway people can order merchandise from pantherland if they don't live in florida and could stuff be shipped out of state
168164,ğŸ¤” that was the only thing missing! thanks for rectifying! ğŸ˜ğŸ‘,it's a team effort. ğŸ˜€
169372,stay safe my friend,cheers beth hope you are all good ğŸ˜€ğŸ€ğŸ‘
169860,wow. has a hidden type menu for xtra special font stuffs. was able to switch these numbers to monospace ğŸ‘,how do you access the hidden menu?
172064,well i found a page about indiana trucks and this is not the only survivor yet they are rare,awesome! thanks!ğŸ˜€ğŸ‘
172332,trying my best to punch through!,"anthony, i just followed you..look forward-anticipating us helping each other as we are capable. feel free to follow me anytimeğŸ‘"
173242,"i think also ,ğŸ˜ŠğŸ‘ŠğŸ‘",indeed cheers my brother ğŸ¤˜ğŸ¼ğŸ»ğŸ»
173590,i want to learn to do something new.,square dancing!!!! ğŸ˜€ğŸ‘
175482,ğŸ˜‚ğŸ˜‚ğŸ˜‚ next time say hi!! ğŸ‘ğŸ‘ğŸ‘,"i meet lots of famous ppl, nbd, i live in nyc, but would completely fan girl to meet you. i'll try ğŸ™ˆ"
177470,apple music. itâ€™d be an honor to be apart of the beta. just let me know how! â˜ºï¸,"ekk - just email us.com with your full name, twitter, and email. ğŸ‘"
178268,just for you,love it!!!!thank you mamas!!!papa order na!ğŸ˜˜ğŸ˜˜ğŸ˜˜ğŸ‘
179920,youre just mad she's hotter than fields.,love it. ğŸ‘ğŸ‘ğŸ‘
180080,i haven't even seen it yet ğŸ˜ğŸ™ˆ planning to watch though!,wildlike is definitely worth watching. i highly recommend it! ğŸ‘
182906,no - i went last year as well which is where i saw the product ğŸ‘,awesome! we hope to see you there - hotshot will be at the expo village all week! come say hi!
183314,"last night called out the incompetence of hillary clinton who's just ""more of the same."" ğŸ‘ go judge! ğŸ‘",hillary will not call terrorists deplorable..why????
183496,i think chatbots could be incorporated nicely in community building. look forward to experimenting with that!,keep me updated on your experiments!! i'm also looking into it ğŸ‘
183992,hope you get to meet the team.,will definitely do that ğŸ‘ğŸ‘ğŸ‘
184040,"you're going down, larry ğŸ˜ğŸ‘","i'm up 121.08 to 87.16 but you have connor barth, jordan hicks, danny trevathan, and ryan matthews. it could be close"
184900,"out 3-4 weeks, according to the team. ğŸ˜",glad the club got out in front of the injury this time with communication. ğŸ‘
189100,weeks morrison great albumğŸ‘ğŸ‘,"indeed, it's become a favorite. it's a complicated album that's revealed itself to me as my own life has grown more complex."
189724,"also, settings &gt; display &amp; brightness &gt; auto lock 30 secs to 5 mins","thanks! that should help! think i've had the phone in low power mode all day, which is why it was locking after 30 sec! ğŸ‘"
189924,switching it up this week for a .,that's a great shot! love what ford did with this car! ğŸ˜ƒğŸ˜€ğŸ˜ğŸ‘
192924,the passed on this guy ğŸ˜‚ğŸ˜‚ğŸ˜‚ğŸ˜‚,so did the rams ğŸ¤”ğŸ‘
195156,lot of legit followers on my wall like,"even if the challenge stands, thanks for all the winners nb, but most of all the hilarious handling of the trolls ğŸ‘ğŸ‘ğŸ‘"
196712,nice 1 brian! i'm in vegas i'll start 1 on the famous strip after alloa ğŸ˜‚ğŸ€ğŸ’š,some man mate aye brilliant ğŸ˜ƒğŸ˜ƒğŸ€ğŸ€ğŸ‘
200182,i'm a musician &amp; when i 1st heard of this i was fascinated at what it might do for my music. ğŸ‘âœŒâœŒâœŒâœŒâœŒğŸ‘,it's something i grew up with so to me is just life
201378,you two have a thing for confetti ğŸ˜€ğŸ‰ğŸ‰ğŸ‰ğŸ‘,who doesn't? ;)
201456,"i just added ""climate change &amp; environmental policy"" as on my topic list, separate from and related as the final topic.","on an unrelated note, i was complaining about the ios version of the app recently seeming to use a lot of ram. seems better now. ğŸ‘"
201982,big thanks to the team for hosting the sales meetup. super dope office supplies too!,anytime. our office supplies are your office supplies. ğŸ‘
205100,thank you for the fact check on my retweet. ğŸ‘,my pleasure.
205268,half of my followers are !,"i am a woman, secure in my feminity, smart, educated,talented, and i love and support donald trump for president!ğŸ‘"
209490,hahaha - i couldn't decide,alpacas do that and we call it pronkingğŸ‘
209658,"she has an iphone 5s; she must be able to trade it in for the new 7, even if she has to extend the contract. they both want to stay on vzw.",or the iphone se if she wants to stay with the smaller size. but the 5s is still pretty good. runs the latest . sensor. ğŸ‘
210112,"usually home before 4pm. i only live 2 miles from work also, makes my 45 min lunches great too!",totally worth it then ğŸ‘
210568,. always great to see one of the hardest working cm's in the boroâ€¦,thank you! ğŸ‘ğŸ‘
211964,"cheap hits then scrum/facewash ..announcers and fans get gitty over the ""intensity"" ..what a joke ...but hey no fighting so progress ğŸ‘",as a die very hard fan nothing made disappear quicker than some leather to the face.
212322,thanks. hopefully i won't need to lawyer up. i know this isn't as big of life crisis as other are dealing with soâ€¦,// it's all relative so your frustration is understandable. let's hope for the best. ğŸ‘
212632,thanks it took 1.5 hrs for me and its a success ğŸ‘,i think mine was about the same in total. plus extra for all the other apps that needed updating afterwards.
216822,great pitch today by did you proud.,"thanks andy, catch up next week ğŸ‘"
217336,that's your big 10 coming out michelle! ğŸ‘,practicing for this weekend...lol
218774,thanks bro you too be safe. ğŸ‘,likewise bro and all
220888,"paul combetta, hired by to bleachbit her server, admits to having full access on reddit in 2014. woâ€¦",so hrc gave complete access 2 her server 2 someone w/o clearance? good with it?ğŸ‘
222270,"that was a ""bitch-smack"" is what that was! ğŸ˜²ğŸ‘",oh yeah it was!
222336,i'm writing a post about this. i worked for 9 months on a big update to my app. all i saw was bug reports. it does things to you!,it definitely does! looking forward to reading your post ğŸ‘
222542,thank you for following us too carlos! ğŸ’ªğŸ¼ğŸ˜œ have a great day!,you're welcome! have a great day too! ğŸ˜ğŸ‘
222752,starting in 15 minutes! hope to see you there. ğŸ™‚ğŸ‘,missing yours for
225558,bad news guys... just got off the phone with mr. worldrecord and he says that i'm just not a rad enough dude ğŸ˜¥,i think you're pretty rad ğŸ˜†ğŸ‘
228264,subscribed.!,appreciate it ğŸ‘
228684,"good morning, ohio! hope to see you tonight in oxford. event is student-focused, but open to the public:",nice pic of you guy! very sharp! ğŸ‘
229788,hey folks! we've got in for a twitter q&amp;a later. get questions in now using ğŸ‘,how do you approach these next two races? cautious or aggressive?
230478,"beautiful is the woman who has let go of the burdens of her past, released the baggage, and found a safe harbor to heal &amp; move forward.",a beautiful saying it is!today some of my burdens tried to knock me down...but i am up and pressing on..ğŸ‘
230570,it was my usual lycra ğŸ‘,anything tight on your body is always welcome. ğŸ˜
231402,that's exactly what i said. ğŸ˜‚,i say it all the time now t ğŸ˜‚ğŸ‘
231894,"quality podcasts. host is a practicing clinician, has an advanced degree &amp; loves her profession.â€¦",thanks karim! appreciate that coming form you! ğŸ˜€ğŸ‘
232056,anyone has experience with products like soylent? how was it?,been drinking soylent for breakfast every day for over a year ğŸ‘
232310,there sure are some delicious offerings on tonight's i loved the sound of the choc/pear pastries ğŸ‘,spoilers!! it's like forever before they are stateside :(
233090,"today in 2004, played here on her live &amp; re-wrapped tour. it was her first tour in eight years &amp; shoâ€¦",yes! i took my dad. good times ğŸ‘
233510,(not that i'm saying you should write orbital rocket software in swift. please don't do thatâ€¦ yet.),"whatever, eva suits run code from npm so i think rockets running swiftâ€™d be ğŸ‘"
233582,"you are an amazing commentator, you killed it on but please go easy on the pop culture references please ğŸ‘",lol! not a chance.
235464,do you remember all the bb winners of ?,add victor to that list after tonightğŸ¤— ğŸ‘
235756,oh wow really harry?? as the wheels if the bus roll over my head.,you know i appreciate you pennyğŸ’¯ğŸ‘
235896,i think the most appropriate way to celebrate leonard cohen's birthday is to google him out. anyway good job. ğŸ‘,"these r the songs i heard. there'll be a long list of his songs in googleğŸ™‚he also wrote novels, one of which was controversial."
237926,actually been rocking all day ğŸ‘,been watching sp videos for the last 30 mins! ğŸ‘ğŸ¼
239720,our apologies for any inconvenience. please follow and dm your record locator so we can look into this further.,thank you for getting back to us promptly! happy to report we are being rerouted to the space station &amp; from sp to sfo! âœˆï¸ğŸ™â¤ï¸ğŸ‘
240120,"let's call them reporters or writers, they are not journalist. they don't fact check ever. good post btwğŸ‘",it's a shitshow
240476,well guys it's getting late here so i bid you farewell. thanks for the discussion ğŸ‘,"all good , always a pleasure"
240886,"yep, you nailed it. i mean this when i say it man, you are as intelligent as the average pats fan. congrats ğŸ‘ğŸ‘ğŸ‘","lol thanks, i think."
241192,"well, this video is the best thing to happen to me today. thanks","ğŸ™ğŸ™ happy, lonely, empty streets ğŸ‘ŒğŸ‘"
243682,"i feel like if i ever had a dating profile it would say something like: ""must love hobbits"" ğŸ˜‚",that should narrow down potential dates ğŸ˜‰ğŸ˜‰ğŸ˜‚ğŸ˜‚ğŸ‘ğŸ‘
244118,"proud of &amp; and your massage : "" education above all "" in you are a successful model for qatar youth ğŸ‘","thank you abdulaziz, i appreciate it."
247898,absolutely. it's my main advocacy.,i'm so pleased w/o how movement has grown intellectually. ğŸ‘
248372,"todayâ€™s youth, tomorrowâ€™s force for change: calls for action through",the name says it allğŸ‘
250408,"dnc and democrats rely on victim and slave mentality of voters; and the want of ""free stuff""/benefits off the backs of middle class workers",right on citizenğŸ‡ºğŸ‡¸ğŸ˜˜ğŸ‘
252246,it's 7:16pm and more than anything i want to go to sleep ğŸ˜´jet lag - 1 me - 0,night maril!ğŸ˜‰ğŸ‘
252604,day 6 in cat and dog inspired by,so glad to inspire you! nice work ğŸ‘
252860,would you happen to mean this one? ğŸ˜€ğŸ‘,ahhaha its so on my way! vibes i lav it
254398,"congrats on winning twitter's first ads api challenge, !",congrats itai! ğŸ‘
258150,neewer makes the same light for about 1/4 of the cost. just got one. works great. ğŸ‘,i ordered this 1 but i can't imagine playing with it in my face
258212,"trump supporters often call me ""kebab"" because i'm muslim. well, kebabs are delicious, so i'll take it as a compliment! thanks! ğŸ‘ğŸ˜ğŸ‘",i'm surprised they even know enough to say that!
258660,"i feel like all i do is post instagram stories now. follow me over there.. ""eversley""",only if you follow meeeeeee lesliejisaway ğŸ˜ŠğŸ‘
259870,have to say the stadium food and drink at at&amp;t park tonight is pretty awesome. good choices. ğŸ™‚ğŸ‘,i have been pleasantly surprised so far tonight.
264266,seeking skilled mobile app developer. please direct message a link to your resume/portfolioğŸ‘,"from native android, ios apps to cross-platform apps, our developers incorporate the latest technology to build the perfect app"
264336,thanks...kinda new,me 2 henry-terrell glad you're sharing such key things here n there feel free no bad time w/meğŸ‘
264732,"planning to add programming into my one class. what good sites are there to create accounts and learn, beside codecademy and codecombat?",hi justin - make sure to check out and let us know if you have any questions! ğŸ‘
265664,i don't understand her vote for nic at all..she had just said she didn't want paul 2 b evicted most then votes 4 nic,"it was just stupid and petty. i'm disappointed nat voted that way, so personal. i have alot respect for meech nowğŸ‘"
265904,good morning!!! already at work! have a great day!,nope just up about to get my future successors up to go to school then get ready for work lolğŸ˜†ğŸ˜‚ğŸ˜‚ğŸ‘
266882,u nailed itğŸ‘ŒğŸ‘ŒğŸ‘Œ,"great match today for too, magda. long and grueling...well done. ğŸ‘"
267942,fantastic mate. see you then!,look forward to that tommy ğŸ€ğŸ‘ğŸ‘
268338,i was thinking of starting a petition ğŸ˜‚ğŸ˜‚ğŸ˜‚ğŸ˜‚ğŸ˜œ,i'd sign that!!!! ğŸ˜€ğŸ‘
270634,plane delayed because the first officer is coming from another plane that got delayed due to a broken jet bridge. laguardia!,taking off ğŸ‘
272008,"not only will i get to run nyc on sunday, but i will have the best brunch saturday !",good luck to you and everyone else participating in ! see you on saturday! ğŸ…ğŸƒğŸ»ğŸ—½ğŸ‘
274682,please keep cool and calm at the debate even if hillary is disrespectful! don't engage!ğŸ‘ğŸ‘,ğŸ‡ºğŸ‡¸ america needs lawfulness over political correctness!!ğŸ‡ºğŸ‡¸
278722,he does his best thinking and reading on the pooper! ğŸ˜‰ğŸ’©ğŸ‘,as do most men!
279228,"they do! i promise! ğŸ˜ğŸ˜ the new hood will be better with liquids than my leathers, and has better mouth access ğŸ‘",those are two very important things! ğŸ˜
280482,"hillary flawed, but has a record of service 50 years, has literally saved 1000s. trump is a racist who cheats and steals.","happy to back that with sources if need be. also, appreciate the friendly civility even though we disagree. ğŸ‘"
281402,they don't want to stir up this deplorable gang! ğŸ‘,we got a great group....i didn't even have time to tag everyone..there are more of us!!! :)
285690,candid desire win pic,best feeling in the world!ğŸ‘ğŸ‘ğŸ‘ğŸ‘
286740,who's going to ? ğŸ™‹ğŸ½ who's seeing beyoncÃ© for the 3rd time in a year? ğŸ™‹ğŸ½ who has an extra ticket? ğŸ™‹ğŸ½,see you there got my ğŸ«ğŸ‘ğŸ‘
289372,tomorrow in oakland!!,see you tomorrowğŸ‘
291208,"awesome overkill's new single, well snippet, great share bro ğŸ˜ˆğŸ‘",full release november album release possibly february
292596,i'm ready for saturday! ğŸ˜ƒğŸ‘,so are we! ğŸ‘
293418,good morning i found this t shirt at a car racing shop in oz ummm hmmm ok ğŸ˜‚ğŸ˜‚ğŸ˜‚,wow! ok! good to know! ğŸ‘
294834,ha! i *just* tweeted about that. nice work taking it on! ğŸ‘,thanks! feeling comfortable navigating the stdlib. still a bit intimidated by the compiler. baby steps! ğŸš€
295450,"the italian mispronunciation throws me, and i miss the keyboard. otherwise ğŸ‘ğŸ‘",definitely in desperate need of a keyboard player. but if i had had my act together this well at that ageâ€¦
295568,who are the luckiest young ladies in the world? woohoo!!!ğŸ’ƒğŸ¾ğŸ’ƒğŸ¾ğŸ’ƒğŸ¾ğŸ’ƒğŸ¾ğŸ’ƒğŸ¾ğŸ’ƒğŸ¾ğŸ’ƒğŸ¾ğŸ’ƒğŸ¾ğŸ’ƒğŸ¾ğŸ‘ğŸ‘ğŸ‘ğŸ‘ğŸ‘ğŸ‘,mmm! when i think
298560,"also, , the fabulous got to experience my incredibly poor taking skills ğŸ˜‚ â€¦",that's a fantastic photo! ğŸ‘ğŸ‘
299022,"awesome autograph, it's actually legible. ğŸ‘",he was like you want me to sign all of the one sheets. i kindly said no because i don't really like autographs ğŸ˜³
299178,on the scale..11 :-),"yes very excited to see ""joe"" in actionğŸ‘ğŸ‘"
299206,wow evan. great photos. nice to connect with you.,thanks pauline..great to connect with you as wellğŸ‘
299842,oh i loved that character,parks and rec was such a brilliant show ğŸ˜­ğŸ‘
300116,watched most of season 1 of billions on my flight across the pond. fabulous show. paul giamatti and damian lewis are excellent. ğŸ‘ğŸ‘,despicably addicting is how i refer to
301162,watch the clemson gt game. the jackets are gonna get beat like a red headed step child,ğŸ¤” i like where your heads at... lol ğŸ‘
303166,thanks for sending this my way. already started reading it.,"np man, i suggest checking out the video too...i myself have to rewatch first two eps of cartoon so i can listen to reviewsğŸ‘"
303924,definitely. i don't wanna get to excited. after all it is the giants. ğŸ˜„ still i'm confident in this team. ğŸ‘,they never make it easy lmao. i think our offense will have a good game this weekend.
305038,"and hermione granger, because you never stop fighting to be the best at what you can be and are willing to work for it all.",okay the hermione granger reasoning is on point ğŸ‘
305540,cheers. sitting in my living room with a cold beer in lima peru,awesome-- priorities are in order!!! ğŸ‘
309762,oh mfg. he did it. classic colonel. classic. ğŸ‘ğŸ‘ğŸ‘,rooty toot toot !!!
310008,you were right below my apartment at ! great place!,are you our noisy neighbors upstairs with 1000 people in the same apartment? dude... next party invite us! ğŸ‘
313396,"you should be excited, you did a great job ğŸ‘",i am. but i'm trying (in vain) to be humble like my mentor lol
318006,pan-seared chicken breast on butternut squash risotto with sage and parmesan. :],back to eating healthy. ğŸ‘
319724,. i do know that hdf5 (with eos extensions) was the format that the oceanographic satellites were storing their data in. seemed ğŸ’¯.,. i mean hdf5-eos was the file format the servers were using to store the raw data that had been received from the eos satellites. ğŸ‘
319728,. i mean hdf5-eos was the file format the servers were using to store the raw data that had been received from the eos satellites. ğŸ‘,". i was there in 1998, and the project had been around a few years before me. so 20 years later, there's nothing better than hdf5?"
319786,my dad is a nats supporter in dawson - last night he wrote this on george christensen's page ğŸ‘ğŸ‘ğŸ‘,"tell your dad, ""right on!"" and it sounds like mum is pretty fantastic too!"
319998,thank you! âœˆï¸ğŸ‘,long day's journey into night. (@ united airlines global reception)â€¦
320618,we've got our coffee and we're ready for â˜•ğŸ‘,"yay! in the final hour, you &amp; i team up with for our weather pics. ~ m"
320988,"we could take it on the road, girlios! maybe get a blister on your little finger...",maybe get a blister on your thumb !! ğŸ‘
321158,to ungiftwrap my house took 3 1/2 hours.,great job crew !!! ğŸ‘
321356,"thanks for following! you are part of the tuners that are giving back to the community, and we love ya for it!",thanks and you're welcome ğŸ˜ŠğŸ‘
321776,q for pc users: do you use antivirus software? would you say it's essential? which package do you use? asking for a friend (not a story).,yes. malwarebyte. it's awesome ğŸ‘ğŸ‘
322220,only if he's learned to relax,he looks fired up. i like him to run big. look out for joey bravo on sunny ridge too. ğŸ‘
322530,"i agree. he needs this win, and i really hope he takes it.","well the track condition will certainly be playing into his favor, blessed with nice weather. gun runner &amp; sunny ridge also.ğŸ‘"
323316,. hate white people. you don't have a choice be great,where ever attention goes money flows ğŸ‘
324096,responsibly.,that hand tho ğŸ‘
324924,i'm getting pummeled by patriot nation this morning. i'll be addressing it shortly...,we can't wait. ğŸ‘
325384,"thanks bro, a track from under the influence, you have the album ğŸ˜ƒğŸ˜ƒğŸ˜ƒğŸ‘",oh yeah i know it well
326568,"if you're on twitter, listening to podcasts, you're a . or kanye.","in my view, genuine content, real advice attracts everyone. make it stackable, even better. ğŸ‘"
327930,good luck in the u.s.a. ğŸ¤ğŸ¶ğŸ¸,cheers mollie! ğŸ‘
331080,we are looking for a few good designers. specifically folks who have worked with a lot of layouts and fonts and things. know anyone?,lets chat details. maybe i can recommend a good fit. ğŸ‘
331610,that's great. getting stoney is the only way to go. ğŸ”¥ğŸ’¨ğŸ‘,absolutely! are you outta work?
331780,i know ppl will be angry about it! but! he's no harmğŸ‘,people our always looking for something to bitch about
334410,who would listen to my podcast??,i would love to listen to your podcast and second im so happy for what are your doing for yourself .your working hard on thingsğŸ‘
337468,â˜€ï¸&amp;70 ğŸ‘,another â˜€ï¸&amp;70 dğŸ‘Œy
338382,"oh, definitely. stay tuned, nyc friends! ğŸ‘",sweetness. i'm looking forward to that myself.
339148,must remember to pack my guitar for liverpool...found out today i'm playing a set next week at the legendary : monday 3pm,don't forget flat cap ğŸ‘
339868,but good stuff last company i worked w/ is now a client:-),awesome news eric and well deserved! ğŸ‘
341842,"either way you'll be fine, you may just have to schmutz around phx for a while. which is a terrible airport. just bad.",ha! look what popped up in the app. ğŸ‘
343934,i fasterly finish . guniang here enjoyed it! i felt tired &amp; i wasn't the one clubbingğŸ˜Š good peek into another world. ğŸ‘,hilarious... thank you for reading!!
347234,i love sweater weather so much. ğŸ‘,is it sweater weather? nyc is still ablaze. must be nice...
348904,to meeting the at ! ğŸ¦„ğŸ‘,ğŸ’•ğŸ¦„âœ¨ glad you guys came and missing the office already!
349032,"i'm in a train quiet car right now, silent ğŸ‘",very nice. what rail system?
349060,"i'm in a train quiet car right now, silent ğŸ‘","wow, people following courtesy instructions. i like that."
349124,"i'm in a train quiet car right now, silent ğŸ‘","it's just an arrogance in my opinion, or i'm getting older."
349450,heheh yea i agree xd well i hope it works out :) i'm experimenting with a few as well ğŸ‘,i'd be interested to hear about your findings!
350776,2/2 what album should i start with?? big elvis fan me ! ğŸ‘,"work your way backwards. next up after american band, check out english oceans and go from there!"
350872,here are 's picks this week,she wrong about the tennessee and raider pick that's the only wrong one ğŸ‘
351300,"just say my opinion ğŸ˜€ sorry if this triggers u. you seem a good black guy in general, no offense ğŸ‘",i hate safe spaces and trigger warning more than anybody else lol have a good day sir
352050,solid had sushi last night - we are on same page.,sushi of gari. u should try next time in nyc ğŸ‘
353484,hopefully your executive director wasn't rude and abusive. ğŸ‘,hope you're have fun in chicago. love to chat when you're back.
357046,this probably will be my last game i watch prob will check out for season tonight and mail it in.,time to change the channel &amp; watch the new york win the ğŸ‘
357640,"i like that, i hope your voice is heard. if you plan a bigger mta protest (not in cyberspace)i'm thereğŸ‘",i've gone to lots of one.
357874,when did we get to a point where we are tweeting ourselves? ğŸ˜‚,"i've learned that when you find , you find ! still finding myself. ğŸ‘ŠğŸ˜‚ğŸ‘"
358104,happy ! tweet us what makes you feel awesome in ! ğŸ‘,"30 minutes on the elliptical. level 10, speed 9."
359450,hope it was a doner kebab ğŸ‘,"you need to go to germany to fully experience dÃ¶ner kebabs, in all their greasy glory!"
360236,"hey, i saw your two vids earlier... you done good, dude! congrats, yeah? ğŸ‘",thank you so much! nice to hear that from stranger-friends out in cyber space!
360708,we brought in a special guest to break down the huddle today. and we think he did one heck of a job. ğŸ‘,that's so awesome!! i â¤ï¸seeing the players do things like this n taking time. tyrod giving the glove!
361434,i know i'm the exception to the rule but i like the red sox too ğŸ‘,in the late 70s i was a fan only because they got reggie but i always got games on the radio w on l.i.
361610,enjoying the special cuban sandwich at versailles - muy bueno ğŸ‘,again. you lucky you know what!
362922,lol no i don't know who you are byron ğŸ˜„,he works at amc theatres also ğŸ˜ğŸ‘
363796,"hey girl, can i punch you in the mouth? with my mouth? gently?",you have a way with words. ğŸ‘
365404,we're serving delicious cold brew out in front of the for those joining us tonight! ğŸ‘,where are you serving hot coffee?
367030,"mtv is replacing ""16 and pregnant""with something worse",why doesn't mtv just play music videos ğŸ‘
367750,i started my morning by spitting out boiling hot tea all over my car wbu,ur welcome ğŸ‘
369596,"she is another reason i switched to fox buiness, varney,payne,reagan, franics dobbs",a long time ago ğŸ‘ğŸ‘
369894,this socks are awesome. get yourself a pair now b4 winter gets here ğŸ‘,"thanks, leanne ğŸ’œğŸ’œ"
370350,plz dont kick out pakis whores ğŸ‘,yup for sure they r better thn ur hoes
370842,whoopi goldberg says she might leave the country if trump is elected,awesome newsğŸ‘ğŸ‘
371622,ğŸ’¥don't take the bait in debate! counterpunch within reason!! stay cool!ğŸ’¥,"ğŸ‡ºğŸ‡¸ trumps leadership has been: inclusive, successful, smart, compassionate!!ğŸ‘ğŸ‘ğŸ‘"
372090,quartz turns four years old today. ğŸ‚,- time certainly flies. congratulations. i remember coming into the old office on day one. what a journey. ğŸ‚ğŸ‰ğŸ‘
372198,- time certainly flies. congratulations. i remember coming into the old office on day one. what a journey. ğŸ‚ğŸ‰ğŸ‘,thanks! that was a crazy day to visit.
375016,"if you like acoustic jams, the guys in just released their new album on itunes, spotify, and apple music. check it out!",you're the man dudeğŸ‘
375236,an insult from a fool is a compliment. ğŸ‘,your entire religion is the definition of hypocrisy. i say the best thing we&gt;
375272,an insult from a fool is a compliment. ğŸ‘,infidels here in america can do is aid your martyrs in reaching their 70 virgins
375356,chicharito with the brace!!!,what a game! the moves by mr.schimdtğŸ’ªğŸ‘
375362,an insult from a fool is a compliment. ğŸ‘,and yes.. im a fool because i believe all life is precious &amp; despise violence
376468,patrick you should win the quote of the day!! i had to look those words up ğŸ˜‚ğŸ˜‚ you hit the nail on the head!! ğŸ‘ğŸ‘ğŸ‘ğŸ‘ğŸ‘ğŸ‘,"thanks norm, it's most appreciated!"
376490,patrick you should win the quote of the day!! i had to look those words up ğŸ˜‚ğŸ˜‚ you hit the nail on the head!! ğŸ‘ğŸ‘ğŸ‘ğŸ‘ğŸ‘ğŸ‘,thanks norma!
376854,blocked me.. booooo hooooo,gotta finish the damn cake ğŸ˜‚be back soon ğŸ‘
376970,"spectacles v glass: flippant,silly v serious,refined larkish v pricy,committed occasional v always my eyes pov v film pov focused v unsure ğŸ‘",i think making them sunglasses was a genius move.
377276,"just because the characters arenâ€™t real, doesnâ€™t mean they arenâ€™t your friends. ğŸ‘",when i was 4 i had imaginary friends. i got over it.
377398,i took a pic of a &amp;,posted it ğŸ‘
377486,does your app store location data in raw photos? and does it have a quick way to switch back to auto controls?,yes to both ğŸ‘
377766,went when i was a kid with family mate ğŸ˜ŠğŸ‘,i thought it was a regular vacation spot
379810,after all the cards you gave out over here you would think somebody would have filled you in. glad it's me ğŸ€hh brotherğŸ€,cheers bud guess everyone thought someone else would tell me ğŸ˜‚ğŸ˜‚ğŸ€ğŸ€ğŸ‘ğŸ‘
386308,"""hillary clinton for president"" ğŸ‘‰ because someone needs to cement obama's legacyğŸ‘",hahaha tragic!
386526,its been a rough week but he's doing ok. still needs a few more days to recover fully but he's out and about and playing again. ğŸ‘,"i can imagine, glad he is doing better, wishing him a very quick recovery ğŸ™"
390288,idk i think i'm gonna take some pain killers and still go for a few hours,thrive but also be safe ğŸ‘
390516,"day 2, seeya! 39 down, 11 more tomorrow to finish off the ms ğŸ˜„ğŸ‘","i was feeling so proud about the 27,500 steps i did yesterday until a second ago."
393526,i think you are totally missing the point of this. meaning that i personally and doubt obama would be or need to be near dd ğŸ‘ğŸ‘,i absoluely got your point. you missed mine.
393594,i think you are totally missing the point of this. meaning that i personally and doubt obama would be or need to be near dd ğŸ‘ğŸ‘,"you said we need to forgive the horrible things people did, which means you would be ok with obama being chummy with duke."
393620,what other potus candidate would have the guts to invite gennifer flowers as his front row debate guest ğŸ˜ŠğŸ‘,i would rather look at her than beastly
393626,i think you are totally missing the point of this. meaning that i personally and doubt obama would be or need to be near dd ğŸ‘ğŸ‘,"i never said he would. so, you clearly missed my point. and bush is a mass murderer. so buddying with him is even worse."
394084,so happy for you!! you've hit 60k!!!! ğŸ’™ğŸ’™,congrats! job well doneğŸ‘
395284,8:30 is cutting it close. don't recall how long joyner was on stage but there wasn't a big break between acts.,ok-- good point. very different than changing out a music band. will play it safe and get there on time! thanks! ğŸ‘
395698,really appreciate your rt ğŸ‘,you're very welcome!!!
397058,"i was a top radio personality and author, so why wouldn't anyone hire me?",- - glad you found a new home! ğŸ‘
397096,what other potus candidate would have the guts to invite gennifer flowers as his front row debate guest ğŸ˜ŠğŸ‘,invite them all!ğŸ˜³
403582,great angle of holding his gun with empty ankle holster clearly visible.,all i see is a book and a book holster on his ankle. the man is an avid reader ğŸ˜ƒğŸ‘
405086,the string full slate: on sun 8am/mon 9pm,anything that includes is a good thing. ğŸ‘ğŸ‘
406008,anonymous - the truth about ww3 ii via,great post!ğŸ™ğŸ‘
407342,what other potus candidate would have the guts to invite gennifer flowers as his front row debate guest ğŸ˜ŠğŸ‘,just as would invite who he cheated on.
410446,oh man ive forgotten how much i love house md,good show ğŸ‘
410904,bimbocrats lolol if you made them unhappy you did right ğŸ‡ºğŸ‡¸ğŸ‘,i had 14 honeys in bikinis and hats in the lobby. the bimbocrats were far from happy. to hell with those whores!
413382,dude great to catch up. i'll give you a shout soon - travel safe back to the east coast. i'll be listening ğŸ‘,the best ny show around ğŸ—
413698,i found this while searching for the svalbard tag. good to know that my new hometown has charm!ğŸ‘,such a great place
414472,we reached 50k ó¾”—ó¾”—ğŸ¾ on instagram!!! if you would like to enter our new contest please visit our instagram page!!!...,i'm in booğŸ˜‰ğŸ˜˜ğŸ‘
415438,nope - the book is an absolute cracker...amazing work. very talented and entertaining writer! ğŸ‘,it's a great read!
416388,ğŸ‘thank you cait!!!ğŸ‘,hope your feeling better soon. there's voyages waiting for you!
417120,gm malena!!,"wonderful, gif, cindy! ğŸ‘ğŸ‘ŒğŸ‘"
417542,"good man , i've just finished work myself . i'm fucking bouncing , we beat r*ngers 2-1 today . ğŸ‘",good result there mate ğŸºâš½ï¸ğŸ‘
417772,he is on board sheith ship....he will never ever come backğŸ˜­ğŸ‘,same. i can't believe i'm relating to zarkon right now ğŸ˜‚
422416,hillary with the cast of the west wing.,i like how it looks like may very well be standing unsupported! ğŸ‘
423838,good for you lisa! old school rocks!ğŸ‘ŒğŸ‘,i think so too! thanks! ;-)
424836,preet drops the hammer,"good.change,change,change.ğŸ‘"
425950,"was going to swing by the apple store to play with an iphone 7, but there was a line just to get in. clearly doomed by no headphone jack. ğŸ™ƒ",you can go in. that line is just for people buying. ğŸ‘
426450,i'm happy for pluto to go direct. pluto is transiting my 7th house and will be for quite sometime...,me too! conjunct mercury in 2nd. $$$$$????? so far pretty goodğŸ™‡ğŸ’‘ğŸ‘
427822,my doggie river song wanted a pic w u for her river does broadway album but i of cousebecame tongueâ€¦,i totally passed you guys!! those glasses are amazing!! hahaha ğŸ‘ğŸ˜†ğŸ‘
430218,"podcasts listened to on the way to : 's aneesh chopra int, 's int, the moth ""eaten"" hr, (1/2)",that's great prep work! what's this... the olympics? ğŸ‘
430560,always good to meet ! there is always something interesting to share and know about ! ğŸ‘,great to see you too! good luck at
430842,footballğŸ‘laundryğŸ‘cleaningğŸ‘nappingğŸ‘,no ğŸ»ğŸ»&amp;ğŸ•
431124,"though ""hiliariously sad"" reads more as ""that's pathetic"" than ""that's amusing.""",your responses in this thread have expressed my thoughts more eloquently than i could have. ğŸ‘
431496,what other potus candidate would have the guts to invite gennifer flowers as his front row debate guest ğŸ˜ŠğŸ‘,"ah ha ha ha don't u just love it ğŸ˜…i do,the dems r bending the rules, no tying them in nots for old hill they should be embarrassed"
431906,"received a lot requests for more golf, less bikinis ğŸ˜ğŸ˜‚ noted. however since that's physicallyâ€¦",i prefer the bikinis although golf in a bikini would be good tooğŸ‘
431970,best friends for a long time ğŸ˜†ğŸ˜‰ğŸ‘ŒğŸ‘,beautiful pic!
432158,my mentions have become death,well then you must be doing something right! ğŸ‘ğŸ‘
433174,have you met and yet? you guys should so meet ....,not yet but we should meet! i'm usually in ny a few times a year ğŸ˜ŠğŸ‘
433262,great talk! i appreciated the insight into dropbox culture.,thanks for coming along! looking forward to coming back next time. our culture is really unique i think ğŸ˜ŠğŸ‘
433424,soup! campbell drives in two more with a single. 15-0 â€¼ï¸ ğŸ‘,âš¾ï¸ awesome eric! ğŸ˜ so clutch! ğŸ‘ğŸ‘ğŸ‘ğŸ‘ğŸ‘ğŸ‘ğŸ‘ğŸ‘ğŸ‘
433632,love this photo! it looks like,"oh cool! hadn't seen that, i love it :) thanks ğŸ¤—ğŸ‘"
434002,when life gives you lemons... go to the paris opera house and take a picture on the steps thatâ€¦,make sure box five is kept empty (for the phantom of course). keep the faith; the show shall go on! ğŸ‘
434134,kimberly told me to go lol,u can come w me lizzy and sue and the guys . we're going w the same ppl from appleton ğŸ‘
434890,"i've tried similar things and still get chafed. usually wear slightly longer shorts + get nooo chafing, best deal ğŸ‘",the post chafe coconut oil rub down is nice tho
435730,you've been killin it with these articles lately ğŸ‘,"thank ye, thank ye"
437116,hey where are u my friend ?it's unfair to leave ppl without telling them :( r u ok ? you were the one who was always there for me !,"thanks my friend, you're ever so kind. you're a bundle of kindness. you're an amazing individual. you're blessed &amp; a blessingğŸ‘"
437364,hmm i will have to check the transit app for myself. libra rules my fifth house â˜º capricorn my 7th,all about relationships this year. especially the one with your selfâ¤ğŸ‘
439752,he's doing the last series in sf.,i thought so..i had to confirm it.. thank you and 2-1ğŸ‘
441100,scott who? you're in sharks territory so hannan?,ahahhaha!yes scott hannan used to be my neighbor!!ğŸ‘ğŸ‘ğŸ‘
441486,that's it. way too hot. i'm making milkshakes!,"ooooh, can i join. ğŸ¦ğŸ‘"
441830,he promised me cake and look what he made!!,you might say that it's the 'ace of cakes!' ğŸ˜¸(terrific dr costume btw. complete w/ tardis key) ğŸ‘
442014,could you please refrain from having the best life. thank you ğŸ‘,if it helps i have to wake up at 4:30am to watch lunchtime premier league games lol
442908,looks good to me now ğŸ‘,perfect! thanks for checking!!
450566,"i don't golf either, but i have to say, he gave his name to one tasty and refreshing beverage. ğŸ‘","walk into a bar and order a ""sam snead"" or a ""tiger woods"" and see what it gets you. nothing is what."
450848,thanks so much for following!ğŸ˜ŠğŸ‘,cheers! ğŸ˜‰ğŸ˜ŠğŸ¥ğŸ¬â¤
452620,"ooh, nice! i typically use but this one produces more reliably pretty-looking results! ğŸ‘",i was def inspired by airtight's work!!
454302,thanks. no need to be sorry,stay in touch and when fox let's me go or fires me whenever then i'll need a good note from a good person. ğŸ‘ğŸ‘
454700,if you're missing your hobbit hands....ğŸ˜‰,they do great work. plain or unplainâ˜º my had â˜ºğŸ‘
456614,"only can bring me to tears with music, but sel's has proven to be an exception. gahh the album is brillianceğŸ‘ŒğŸ½",chakora and hota hai ğŸ‘
456744,we'll you're the lucky one. ğŸ‘ğŸ‘ğŸ‘,ok... not sure what that's supposed to mean. my parents struggled and worked hard but always made an effort to send back to family.
456774,we'll you're the lucky one. ğŸ‘ğŸ‘ğŸ‘,i grew up understanding that this was expected of them and that if they didn't do it then it would look bad on the family
456778,we'll you're the lucky one. ğŸ‘ğŸ‘ğŸ‘,"i'm not sure what ""luck"" has to do with anything"
457392,well thereâ€™s always ğŸ‘,i pretty much use tweetbot exclusively. just disappointed twitter doesnâ€™t bother to maintain their own.
461924,"after &amp; face off tomorrow night, join us for a special live at 11p et wâ€¦",will be watching fbn for a credible analysisğŸ‘ğŸ‘
463038,it seems they take outing undercover cops quite seriously these days.,they should their undercover for a reason. also don't try n start a riot without a protected ip ğŸ˜‚ğŸ˜‚ğŸ‘
464292,haven't been tweeting much recently because i gave up smoking two weeks ago and i've been a bit distracted since.,good for you..as long as no felonies were committed.. ğŸ‘ğŸ‘
464570,please watch &amp; share!!! this video will get donald trump elected - youtube,wish this video would be played on fox! it is proof that trump has always had the same opinions he has now! great videoğŸ‘
466704,the best reaction to shite like that is no reaction. ğŸ‘,"you're right, the sheer volume of this kinda crap i get means that every now and then a human response is elicited"
468046,well done maddy!,imagine if was in one of the packages ğŸ‘
470456,"the problem with people is if u say sweet words ur good &amp; if u put the truth in their face, then ur flagged as hater.",yep .. i somehow enjoy their stupidity ğŸ‘
470758,watch this if you wanna see me rage! ğŸ”¥ğŸ‘,".a wreath is your rage. your valor is my calm wrath, as we continue. &amp;honor."
471232,trying to mute/block all accounts talking about us election debates is like dabbing benzoyl peroxide on cystic acne: hopeless.,"sadly, by using the keyword ""election"" in your tweet, my bot filtered you from my feed ğŸ‘"
471928,an amazing season from the comes to an end as they fall at home to the in the 2nd-roundâ€¦,"thank you for a great season liberty. your played a great game ğŸ‘ğŸ‘, see your next year ğŸ¤—ğŸ¤—ğŸ‘ğŸ‘"
472480,exclusive: is bringing back as eric brady! ğŸ‰,"congratulations gregğŸŒ amazing talentğŸ¥ğŸ¬ lucky,ğŸ”¥ eric bradyâŒ›, calvinğŸ‘"
473714,"resume protest outside favorite gym, demanding wage hike. ğŸ‘","hey are you aware on average, cops are paid 30% less than police in 25 other major cities!"
477752,at no point did i write or suggest that they are *detective novels* in name only. novels =/= series,"and i liked your explication of her emphasis on character, and the lack of complete resolution in in the woods. ğŸ‘"
478262,butcher babies again ğŸ˜†ğŸ‘ğŸ‘,haha always they are my friends i supportğŸ˜Š
478864,really good choice ğŸ‘,look at the names on the back of that cd
479224,"yeah homegirl is a maneater, lol",wow! no shit. that's why ya'll trying to save vic from her lol. he's a big boy thoğŸ‘
479242,"verily, the art in the mighty thor is so damn good",what gets me is the colors. the colors by is fucking awesome!!! ğŸ‘
479642,as long as you don't hit me on cabinet doors it's all good ğŸ‘,"""i'm more likely to bang you on the arm of the sofa"" ~not me"
480346,"because hillary has no record for all that experience but failure and crimes. trump= jobs, safety, stop owo",thank you! ğŸ™â¤ï¸ğŸ‘
480398,"will win. he actually has a plan for america, policies- that he will enact. stands for $$$?",thank you! ğŸ™â¤ï¸ğŸ™â¤ï¸ğŸ‘
480422,"using for everthing including reading pdf, developing , projects. what else, sending email, posting tweet ... ğŸ‘",no emacs tweet is complete without oldies emacs jokes
480702,because hillary will have to answer questions and talk. no one likes or trusts her lol,thank you! ğŸ™â¤ï¸ğŸ‘
481040,"trump is for the people, hillary is for hillary",thank you! ğŸ™â¤ï¸ğŸ‘
481952,"genuinely think someone kindly tweaked it. mystery. anyway, i appreciate both bits of your feedback as ever ğŸ‘",but ğŸ‡ºğŸ‡¸ is winning so...uhh yeah yerwrong
482684,"thank you, i enjoyed my time off. apologies for not replying earlier and ğŸ±â¤ï¸ to you.",we all need rest even those that love who love kitty ğŸ‘
484408,challenge coins!!! this is your fault!! will have at !!!,holy shit! those look badass! ğŸ‘
484920,patches from now stocked at,love the bulldog ğŸ¶ğŸ˜‰ğŸ‘
485710,i stand corrected,and stand ye with grace as well ğŸ‘
486186,well i'm glad you got to see itğŸ‘,sorry dude!! maybe tomorrow? or wait by his hotel lmao
486856,yess! emotion fantasticğŸ‘,how were you in miami yesterday? and now you are in london ?
489236,. is taking the ... did he get moldy cheese or caramel corn?,i just watched it on snapchat and it was so funny!!!!ğŸ‘ŒğŸ‘
489844,dude. i just discovered night mode. this is a game-changer.,did about 2 weeks ago-correctğŸ‘ğŸ‘
489972,is becoming a cop a choice or a birthright in the reagan family?,love tom selleck. would like to see more jesse stone movies!!ğŸ‘
491384,i used `bundle viz --without development test --format dot` then loaded dot file into omnigraffle using a â€œforce-directedâ€ layout,"very cool, thanks ğŸ‘"
493294,if i was running for president,i think tinkerbellethedog is the best candidate thus far!!ğŸ¶ğŸ’‹ğŸŒŸğŸ‘
495344,"tomorrow's the official release of ... and the novel, , is still available from . just sayin'. :)",yes finally! i can watch !!! ğŸ‘ğŸ‘
496896,wow good job guys! we flopped 2x in the city ğŸ‘,we are 2 for 2 now!!!
496992,lol. me and plan to be there. ğŸ‘,see you both there!!!
498088,"media keeps asking ""what donald trump will show up tonight?"" answer: the next president of the united state's one",i predict that trump will win the election by a landslide! ğŸ‘
498912,and we're back. never mind!,glad to hear it! thanks for letting us know! ğŸ˜€ğŸ³ğŸ‘
504322,"my 2yr old gets insulted when people don't follow rules, and wants me to tell them ""no."" if he were awake, he'd be going nuts.",and your kid sounds ğŸ‘ŒğŸ‘
504688,40 minutes in and trump isn't debating hillary. he's making strong points against the dc elite. he's standing for the american people.,great comment. ğŸ‘
509560,"and for the record, twitters the best way to reach me. i check that facebook like once a week lol","love the way you retell the stories and voice acting, keep up the good work ğŸ‘"
511546,: i already signed up for the podcast.,i would pay real cash for to record a podcast on basically anything ğŸ’°ğŸ“±ğŸ§ğŸ‘
513060,boom . over already hits,that was easy ğŸ‘
513082,i thought 's post was timely &amp; was curious if is still acting obtuse about commonly accepted terms. i found out. ğŸ˜£,"simply means ""late-stage capitalism"". if you think it means ""right wing &amp; bad"", congratulations! it does! ğŸ‘"
513618,sumthin diff â€¦,"nice, i've had one resting for about 6 monthsğŸ’¤ğŸ‘"
513896,they better put me on a watch list now,i'll take down hillary if you'll take down trump ğŸ‘
515144,about last night,great smokesğŸ‘
515882,you folks had to watch this joker for a year? sheâ€™s destroying him. hillary will make for a great president. ğŸ‘,truly wish more people agreed with you and i on this
517896,i would pay real cash for to record a podcast on basically anything ğŸ’°ğŸ“±ğŸ§ğŸ‘,aren't you his boss? you can make him do whatever you want!
518824,you should not be proud. unless you think ravenclaws are preprogrammed robots. her performance felt robotic,i'd take a robot instead a racist dumb asshole anytime ğŸ‘
518870,"that was terrible, and destroyed more of my faith in humans than the last two months of election combined. time for netflix &amp; snacks.",you and me both friend. ğŸ‘ğŸ‘
521790,tonight's stick dfâ€¦,looks delish maestro ğŸ‘ğŸ»ğŸ‘ğŸ» nice choiceğŸ‘ŠğŸ¼ğŸ‘ŠğŸ¼ğŸ’¨ğŸ‘
522414,"fall has arrived here and in true ct tobacco country fashion, the humidity is 74% at the momentğŸğŸ‚ğŸğŸ‚ğŸ",great time of yearğŸ‘
522646,my capsule collection with launches in stores today. locations in link,clean caps!! gonna have to cop me one ğŸ˜ğŸ‘ŒğŸ‘
524366,the most shocking thing about 'designated survivor' is that it wasn't the exact plot of some major form of entertainment before. ğŸ‘,other than a whole tom clancy novel?
524724,the most shocking thing about 'designated survivor' is that it wasn't the exact plot of some major form of entertainment before. ğŸ‘,but at least jack is finally president.
526824,a kid from work went to the drake concert and said future was whack. first i was mad then he said logic is better than eminem + geazy is ğŸ‘,i wasnt mab bc i know now he doesn't know music.
531388,we're talking law and a little bit of day-after-debate chat today on law street at 8 . hotline 845-561-9469. see u on the air!,ğŸ‘ ğŸ‘ ğŸ‘ s-on the trainğŸ‘ğŸ‘ğŸ‘
532708,do you travel green? tell us what you do to reduce emissions!,we go by bike! 10 million trips on citi bikes so far this year ğŸ—½ğŸš´ğŸ‘
537076,love this pic of a mazda rx7 by ! gorgeous car that i'm determined to own one â€¦,looks awesome!ğŸ˜ƒğŸ˜€ğŸ˜ğŸ‘
537482,last night was a huge victory for mankind as trump was able to fend off pre-coordinated attacks by two humanoid robots! ğŸ˜ƒğŸ‘,lol in your alternate reality... she smoked his ass! he has no business in politics
537648,we love how transformed the for their midsummer gala using this unique lighting design...,this wasn't me. wish it was! looks cool ğŸ‘
537674,"who thinks should add a male icon , a legend to nov 4-6?",what about himğŸ‘
540302,"we hope you can visit us on , ali!",top of my list of new shows to see ğŸ‘
540374,order soon i did it from the app,doing it right now. ğŸ‘
540764,there is no 13th zodiac sign...comprehensively explained by jessica adams,me too.thank you both.ğŸ™‡ğŸ‘
541856,exciting news: weâ€™re partnering with salesforce to bring you new (and useful) integrations.,great partnership! ğŸ‘
542230,better to smile then be a bully ğŸ˜,"she has the goods, she didn't need to bully ğŸ‘"
542356,adele!!!! just came from her concert at msg--phenomenal!!! ğŸ‘ğŸ‘ğŸ‘ğŸ‘ğŸ‘,i'm blown away!!!! you are so beautiful ğŸ˜˜ is that your hubby?
543612,"i guess it's harmless! but - just for example - if i threw up in my dog's bowl he'd never call me out on it, lol! is your dog ok?",he's getting better! thanks. ğŸ‘
543884,"oh, so that's where he mucked up, he wasn't prepared...to be president!!! ğŸ‘ğŸ‘ğŸ‘ğŸ‘","yes, faking a relatable persona is a key duty of all presidents."
544348,dead poets society is onğŸ‘,bro go do something productive how u gonna say u procrastinate then go watch tv? smh lol
547122,lol you right but i got clsss later so im just chillen for nowğŸ‘ğŸ‘,is that movie? (:
547816,". reports has been ""bumped to next year""",i don't believe anything related to kp4 unless it comes from kp herself ğŸ‘
547860,john i don't see your picture on the cast of flash but i know your in the show why are u not in caâ€¦,recurring guest star ğŸ‘
549796,twitter's head of content planning thinks 'feed first' - via (i spy ),the roi of engaging with someone on twitter... you never know when it gets mentioned in an article! ğŸ‘
552442,me when bvb scores,that is an incredible ğŸ‘ğŸ‘ğŸ‘ğŸ‘ğŸ‘
552550,"in as its defined, sure. but i think a lot of people don't fit the right word with the right meaning.","i think you're right, which is why i looked it up. now we knowğŸ‘"
553158,when you want and back on your tv so you just...,next up the amazing race asapğŸ‘
553836,"time is money, saves u time, support/spend to ,",let us know if you have any questions ğŸ‘
553898,oh please! because he is a loser? only checked his outright lies,lester holt didn't even bother to disguise his bias. it means nothing. no one gets how many people love this country. nov 8ğŸ˜ğŸ‘
555868,just found out about this amazing site called throtl. simultaneously search every car forum or buy/sell car parts!!â€¦,thanks evan! going to check it out!ğŸ˜ğŸ‘
556602,i donâ€™t know if this sense of impending doom is from forgetting my anxiety meds or literally everything else,just noticed your twitter name. love it. ğŸ‘
556630,interesting new features. linking screens together still looks messy though ...,"fun to do, but needs to scale better. going to work on that ğŸ‘"
558694,"yup, / is the perfect integration layer for . what matters most are and .",please elaborate! ğŸ‘
559062,how did i not know about nevada city wine diaries? ğŸ‘,there are now three of them
561726,"it's a multi player yes,really good funğŸ‘",how do you finish such a game?
562600,planning for the next interlock,lol i see that ğŸ‘
562776,donald trump gets things done! ğŸ˜‹ğŸ‘,absolutely ..diving the country
565290,new: 50k cancelled registrations dating back to october 2014 restored in georgia - primarily people of color.,great job ğŸ‘ğŸ‘ğŸ‘ğŸ‘
566950,best part of preseason opener: real season is right around the corner. worst part: i have to wear socks again.,now that's what i call a good job if that's the worse thing - ğŸ‘
567588,true it's my first visit to northern queensland - not a bad spot. i promise to leave the room clean for your return ğŸ‘,excellent! enjoy the rest of your time there.
568030,sympathy for the donald is triggering every butthurt trump fan. unfair because they are still recovering from last nights humiliation. ğŸ˜‚ğŸ˜‚ğŸ‘,"we know hillary is! what a shame, poor tw sat!"
568062,getting the audience involved on twitter while you're doing a live talk is a great idea,thanks so much! ğŸ‘
568568,"i dont know the rules here men, in argentina you can use it, but for sure i love it","yeah the rules here stop from creating a great atmosphere, hope to see you in san jose for a long time! te queremos mucho crack ğŸ‘"
570110,hillary clinton belongs in the white house. donald trump belongs on my show.,president trump on your show. ğŸ‘ğŸ‘
570876,"ours was horrible. students complained so often and so loudly, the college spent $400k to get things right.... fight! ğŸ˜¡ğŸ‘",it's ridiculous tbh. idk how more people don't complain. your college was smart!
571280,"discussing supreme court cases earlier w this braniac, en route to fl ğŸ‡ºğŸ‡¸ğŸ‡ºğŸ‡¸ğŸ‡ºğŸ‡¸","wow, i would be grinning also. ğŸ‘"
571520,bootstrap your cluster with kubeadm and terraform!,very cool! thanks for sharing! ğŸ‘
571784,"the streamy's is next week, so naturally, i have begun the long process of mentally preparing myself for that amount of social interaction!ğŸ‘",oh my god if that isn't me...!
572124,"when you want somthing so bad you go for it do the best you can , and you can accomplish anything ,follow your dreams thanks",always reach for the stars ğŸŒŸğŸ‘
572644,no problem! always good to know more braves fans in the nyc area.,you're the first one i know of that's a fan in the area ğŸ‘
577798,"next time i see one, i'll hook you upğŸ‘ğŸ‘",yesss thanks bro
578164,thanks tonyğŸ˜ğŸ‘,hope you enjoyed! go eaglesğŸˆğŸ‘ŠğŸ¼ğŸ‘ŠğŸ¼ğŸ’¨
587548,god bless you more menggay &amp; manong vendor ğŸ‘,"that is why you are so, so blessed in so many ways..."
588692,"thanks joni! mind if i nick name you ""the rainmaker"" as you always come through in times of drought! ğŸ˜Š",how sweet steph as long as it's not rainman ğŸ˜‚ğŸ˜‚ğŸ˜‚ğŸ˜‚â¤ï¸although i do love that movie...but...ğŸ˜‚ğŸ˜‚ğŸ˜‚ğŸ˜ƒğŸ’•ğŸ’–ğŸ’•ğŸ˜ƒğŸ‘
590056,love this!!!!!!!!!! ğŸ˜†,thank you sandyğŸ˜ƒğŸ’•ğŸ’–ğŸ’•ğŸ˜ƒğŸ‘
591450,"i'm watching this 2-hour interview podcast by , talking to about . great insights by both of them. ğŸ‘",the first point makes in the interview (&amp; adds to) is something i noticed: is a way of handling damage.
591906,omg i love this picture wow ! ğŸ’œğŸ‘,aw thank you love! muah! :)
595270,chia trump and chia hillary are now available for purchase. chia obama still considered racist.,u are one smart &amp; beautiful woman abby!....love watching u on fnc! ğŸ‘
595366,"ivanka on her father's debate performance: ""incredible, absolutely incredible""",u are one smart &amp; beautiful woman katie!....i love watching u on fnc!ğŸ‘
596338,either fishies or fisheroonies ğŸ‘,i say fisheroonies is the best ğŸ˜
597400,"dear people who were sceptical of plus-size iphones (5.5"") yet decided to upgrade (from 4.7"")â€¦ how happy are you with your decision?",battery life + better camera have made it worthwhile ğŸ‘ğŸ‘ğŸ‘
598062,a administration will bring jobs back!,absolutely ğŸ‡ºğŸ‡¸ğŸ‡ºğŸ‡¸ğŸ‡ºğŸ‡¸ğŸ‡ºğŸ‡¸going to trump tower ur home to ğŸ˜€ and â˜ï¸ everydayğŸ‘
598674,i'm misty. y'all really have taken these proposals to the next level!,ok that's pretty f'in cool haha ğŸ‘
599078,which design did you get? ğŸ,"too busy behind the mic, but i'll go over before they leave today. nice folks &amp; they're doing a great job ğŸ‘"
599106,hehe you're gathering user feedback here ğŸ˜‰ quickly run-through the flow with a comment mode or something (like invision ğŸ˜Š),can't turn it off ğŸ˜¬ srsly just love to geek out on this. designing a design tool for designers is a fun gig ğŸ‘
600986,holy water for sure ğŸ‘,if it was only that easy to get rid of witch hillary!
601388,bills store prob has some left from the color rush game!,thank you! ğŸ‘
601872,"it's not necessary, just suggested in case you lose the ticket &amp; are separated from your friend",thanks for the clarification ğŸ‘
603304,where would i even put her,ooo that is such a good figure ğŸ‘ğŸ‘ğŸ‘
603360,our trailer and theatrical schedule are coming out soon; tweet or dm us today to get on our press list.â€¦,"i'd love to be on your press list, sign me up ğŸ‘"
603526,i'd say the truly collaborative environment. egos don't get in the way. we all listen to each other. and the coffeeâ€¦,". ..and oh yeah, the guys that invented cg animation, john and ed are there to lend a helping hand. ğŸ‘"
605250,"yes. not frequent, tho. in our case, one double bite over 20 yrs' coexistence with wolf spiders.",i survived another night in my spider room. taking this one day at a time. ğŸ‘
609022,a dangerous toy: female bear at a polish zoo found playing with a rusty mortar grenade from world war ii.,"this bear is definitely the ""bomb"" lol ğŸ‘"
609398,"tim tebowâ€™s first swing in his first minor league baseball game? a homerun, of course.",of course he did. he's a part of the . ğŸ‘
610454,good wednesday everyone! i'm here ... signal problems. work to do ... my life is on fire ... i'll get a fireman boyâ€¦,"sounds like a good plan, wininona! ğŸ‘"
611328,i invite ğŸ˜ŠğŸ‘,"woohoo! change in plans, we're not taking her out of germany, we're going *toâ€¦"
611884,rt for a follow secrets we dont want u to know about us w/ ğŸ‘,i always rt but im never one of the lucky ones btw i love tou both
612012,rt for a follow secrets we dont want u to know about us w/ ğŸ‘,please can you follow me
612062,rt for a follow secrets we dont want u to know about us w/ ğŸ‘,would die if you follow me rn during ap psychology
617814,i assume this happened in san francisco?,philz of course ğŸ‘
619158,thank u harry,you're welcome.. i meant what i said..you're all thatğŸ‘
619630,"republican logic : adultery is bad. if you are the one getting cheated on. but if you're the cheater, go for it!! ğŸ‘ğŸ‘","sometimes it's so bad, the republican spouse has to sign a confidentiality oath or lose the later alimony."
621732,ledhu. friend bday ayithe.. night antha matladukuntu unnam,"ok, take care. ğŸ‘"
622314,go watch the thing,it's a good thing ğŸ‘
622768,maybe think of a few self-care rituals to practice every day...,"i just started a spiritual reading every day before i get up...set my mind , before i move my body. healing is a process â¤ğŸ‘"
624250,i'm not a politician n there r few options for mexico to pay for the wall. i believe trump can really do itğŸ‘ğŸ‡ºğŸ‡¸ğŸ‘,he makes it sound so easy. it would be a nightmare to build. never get passed congress.
628562,yesssss! related note: currently playing dai on nightmare difficulty. wish me luck!,good luck bro. i did it. crafting helps a ton ğŸ‘
629314,oh i would bet 3d touch works fine with one,never had one never been a problem. get apple care protector ğŸ‘
629996,"watch trump diversity council vice chair, brunell donald kyei tv interview ğŸ‘ğŸ‘","this is what we call in an old video game, ""flawless victory"" thank u! amazing woman"
630034,thank you for your amazingness!! getting to know thatdudeinblue via,awesome video! ğŸ˜€ğŸ˜ğŸ‘
631716,"â€œit clearly looked like he ran out of gas after 30 minutes, and that came through loud and clear""","post-debate, the quality of your tweets is reaching levels ğŸ‘"
631754,"post-debate, the quality of your tweets is reaching levels ğŸ‘",i'm assuming that's a compliment.
636286,wouldn't it though! we have been looking at destinations for over 2 months. so overwhelming,aww! hope you find something soon ğŸ˜ŠğŸ‘
636372,salas strands gordon at third to work a scoreless 7th. 5-2 | end-7 ğŸ‘,âš¾ï¸ nice work sally! ğŸ˜
636470,a3: scuba diving is top of my list,definitely ğŸ˜ŠğŸ‘
636632,"roh is live on ppv this friday, september 30th!!! !",i am definitely ready to watch this on september 30th. it's a great card with great great talent ğŸ‘
636988,so when am i getting used to getting up at 530?? (spoiler alert ğŸš¨: probably never),join the crew ğŸ‘
637166,"a4: tacos, fresh veggies, spicy foods, rice &amp; beans, mole sauce, chips and salsa!!!! guacamole, chilaquiles",all of the above!! ğŸ˜ŠğŸ‘
639862,idk it wasn't clear so i did just to be safe ğŸ‘,looking at the winners.found 3.2 didnt and 1 may have
640034,idk it wasn't clear so i did just to be safe ğŸ‘,were both hashtags supposed to be used in order to win?
640232,why do you want to win my iphone 7 giveaway ? comment down below and retweet this for a better chance to win ğŸ˜‰ğŸ‘,my phone is messed up ğŸ˜­ haha its glitching soo muchhh
640444,exactly! i rarely see bumper stickers where i live in fl but the ones are showingâ€¦,same in northern california ğŸ‘
641356,the coffee is from !! nuff said!!,ğŸ‘ŠğŸ¼ğŸ‘ŠğŸ¼ğŸ’¨ got itğŸ‘
642710,thank you for the drawing rt. have a great day!,you're welcome ğŸ˜ŠğŸ‘
646812,"when you are helping plan a spring wedding and they choose winter colors bc they are ""in""",it's a good thing they hired you then ğŸ‘
647368,i'm tired of people complaining about parking at fresno state.. you are seriously guaranteed parking,"thanks for doing our job for us! yes, plenty of parking by smc ğŸ‘"
647758,it's like i can hear sunday now...and it's only wed!,i know what you mean.ğŸ‘
650918,"if i could wake up one morning and magically have kate middleton's closet, that would be a very good day! always classy.",when it comes to class abby....you are tops!!ğŸ‘
651618,"now: council member 16th district, addressing our meeting",thank you for the invite. it's a pleasure working with you. much appreciated. ğŸ‘ğŸ‘
652026,what do you need three for?ğŸ˜‚,"lol ğŸ˜„ car, home work ğŸ‘"
652052,not silly at all! it's either hillary or trump. if hillary wins we're all screwed! so get over the libertarian bs aâ€¦,i had this conversation @ work. i am very . this makes me support trump ğŸ˜¢ğŸ‘
652650,"is it ever appropriate to kiss on the first date??? if so, what are the tell-tell signs that a guy should go for it? ğŸ˜ŠğŸ˜ŠğŸ˜˜ğŸ˜˜ğŸ‘ŒğŸ‘ŒğŸ‘ğŸ‘","- it is appropriate &amp; it all depends on the chemistry. playing with her hair, smiling, touching your arm or being playful......"
654964,"we're going live talking about ""web components"" ğŸ‰ ask questions with !â€¦","excited to check out this episode, haven't heard much on web components latelyğŸ‘"
655114,i suddenly have this weird phantom glare that's making it hard to read a screen or paper. glare moves &gt;&gt;&gt; is this a sign of something bad,see an eye doctor if it's been a while. problems are easier to fix early. ğŸ‘
655270,"thanks bro, you too. ğŸ‘",hey hey all
656310,and she didn't even exaggerate ğŸ˜ğŸ¾,ğŸ‘ ğŸ‘ s-finally picked up on my emoji communication skillsğŸ˜ƒğŸ˜ƒğŸ‘ğŸ‘
657766,hey! how do i email you?,howdy - nick at huzza.io ğŸ‘
658196,holy cow!! jws is running @ superspeed again. i waited a good 26 yrs 4 this. awesome!!,thanks travğŸ‘
658290,have you ever dreamed that one day you will play as the flash again? i can't wait to see jay and barry works together!,not in a million years ğŸ‘
659556,thankyou! omg we've been saying this too! glad someone else agrees! ğŸ‘,and he did it again last night! go jay go! we need to start some kind of a jay bruce hashtag. :)
667802,"absolutely worth it. since i'm in college, i can't usually have my phone out, so it helps a lot. also saves my phone battery. ğŸ‘",it's super quiet when it vibrates too. i've caught several rare pokÃ©mon during class so far without anybody knowing. ğŸ˜…ğŸ˜‚
669056,joke of the day ğŸ˜‚,good you took it as joke make a habit dear ğŸ‘
669258,don't forget to enjoy a complimentary massage from in between sessions,just replaced iphone chargers as the best conference amenity. ğŸ‘
670666,you'd love that just used your tweet in a preso at,"love that! honored, and glad it was useful! ğŸ‘"
672472,yes they're fine. my niece actually prefers the ferry. too many crazy things happening lately. hope for a better day tomorrow ğŸ‘,me too! i hope tomorrow will be a better day! we're living in uncertainty these days! so much going on!
672678,a natural beauty who's movies i need to revisit! tyvm fisher!ğŸ‘ğŸ‘,no problem. she had such a remarkable screen presence.
673510,how does it feel to make the flash fans extremely happy time and time again?,beyond terrificğŸ‘
676236,"turns out, pretty good welder, too ğŸ‘",as good as mem
679212,thank you ğŸ‘,you're welcome. arrieta had more of a regular lineup than lackey did. lackey didnâ€™t let it get in his head.
679792,any favorite hot toddy recipes? i think iâ€™ve made it through the tea portion of the day.,"2 shots bulleit rye over honey, then hot water, a splash of lemon juice, and a cinnamon stick ğŸ‘"
681986,night before: are you ready? tomorrow we host the islands 1st ever conference at the frâ€¦,"best wishes for tomorrow guys, i look forward to seeing the outcomes when i return from holiday ğŸ‘"
682408,"ah! sorry about that, alex! if you can file a support ticket, we'll be able to follow up furtherğŸ‘",. don't be sorry. i like how the crash feature was well maintained after several updates.
684090,"breakouts used to be the $$ play, then we had failed breakouts, they were money .. now we seeing failing failed breakouts..","its out of control, thats why im glad i found you and the edge of the order flow and analysis in the steamroom ğŸ‘"
685598,"had surgery yesterday spent the nt there we all spoke about election every nurse, my surgeon &amp; my caretaker r voting 4trump idk who is 4her?",nobody with brainsâ¤ï¸ğŸ‘
685870,only team i'm okay with us losing to is uf. gators my 2nd fav teamğŸŠ want to see rematch between us in atlğŸ‘,"not sure about that, but you will get it next year in the swamp"
687536,will wear my new shirt with pâ€¦,i wore mine todayğŸ‘ğŸ‘
688388,"""it was the first feeling i'd ever had of being liberated from being a beatle."" re: george's 1st trip to indâ€¦","i've always thought you were underrated my friend. you were a tremendous part of the creative force that was ""the beatles"".ğŸ‘"
688458,"if loses this election, im betting he personally goes bankrupt w/in 7 yrs. thats how toxic his brand now is.","if? don't you mean, when? ğŸ‘"
688698,"i agree, but i think you meant . ğŸ‘","yes, i deleted my tweet. lol whoops"
689506,thank you! i guess i should've asked when i was there but didn't think of it lol too busy playingğŸ˜†ğŸ˜†ğŸ‘ğŸ‘,haha! there's always next time! :)
690674,i can make you a car magnet or window cling of the same design! just ask!,thanks gonna check your site outğŸ‘
693240,i'm remember those days,- rewarding hard workğŸ˜ŠğŸ˜œğŸ‘
693660,ğŸ”´next debateğŸ”´studyğŸ”´prepareğŸ”´use notesğŸ”´stay on serious points ğŸ”´don't rambleğŸ”´,ğŸ”´for the next debate listen to gingrich he has the methods to winğŸ”´ğŸ‘
694292,i'm glad you came out. i did it back in 1994. ğŸ‘ğŸ»ğŸ‘,it really hasn't changed my life - i think im depressed now having had a relationship or much sex since i came out 9 years ago
694364,ğŸ”´for the next debate listen to gingrich he has the methods to winğŸ”´ğŸ‘,ğŸ”´ next debate don't talk about yourselfâ—ï¸â—ï¸prepare and listen to gingrich â—ï¸â—ï¸ğŸ”´
694760,never had one my shop doesn't carry them,they're tasty tooğŸ‘
695024,but his problem mostly stems from being mobile. facebook servers may be okay though.,says video will be available shortly. ğŸ‘
695346,i get it. working the petroligarch angle. look at oil price and timing of your long rabbi call. ğŸ’ƒğŸ’¯ğŸ†ğŸ‘,"i have a good hunch for these things. (oil may go down - but bar mitzvahs, weddings &amp; funerals are here to stay.)"
701874,ever go to watch games in the shakespeare? my mate lived down that way years ago &amp; that was were he watched.,in 1992 it was the only place to see a game. they showed 1 english game live. now tons of live epl and euro games on tvğŸ‘
704224,"hi scotland, good morning! you are already bonny af and i have not even got off the plane yet! ğŸ‘",today in awesome tourism slogans: scotland. bonny af.
705552,"mcguigan, cobain and the legend that is p flowers ğŸ˜€ğŸ‘",toorie came out of retirement one night too!
707192,hey new york....,definitely want to go!! 2 of my fav authors will be thereğŸ‘â¤ï¸ğŸ‰ğŸ‘
707616,.thank you for the follow...........,you're welcome ğŸ˜ğŸ‘
707628,thanks for the retweets this week much appreciated! (want this ğŸ†“? &gt;&gt;,you're welcomeğŸ˜ğŸ‘
707894,it was me! did you get my good side? ğŸ˜‰ğŸ˜‰ğŸ˜‰,if you were in the right seat then yes !! ğŸ‘
708154,i was indeed,i'm back home from jfk in the morning so will get the pic to you in the next couple of days âœˆï¸ğŸ‘
711734,caledonia is really neat but i'm more of a dunes club guy in myrtle.,and on my list. ğŸ‘
714262,thanks for ur wishes everyone.. keep watching and showering your love and support as always...,"u r welcome. hope, u had a blast on your big day! mention: u r doing so good as meghla, flawless! keep goingğŸ‘"
714880,"hey ! stellar work. if you're interested, submit a cv via the link and we'll set something up ğŸ‘",thanks! just submitted a resume to the posted job link. looking forward to connecting and learning more about the position.
718186,car parked ready to get out but is on so i guess i'll just be sitting here till they done.,lol thx my man. ğŸ‘
719676,being kinda poor means putting things in my shopping cart but not actually buying them.,i do that too so it's okay ğŸ‘
719902,have you been to shutters?,was just passing through for a quick beer on the way back to long beach ğŸ‘
722034,anyone notice that all protagonists in fear the walking dead s2 are women (incl ones over 40) &amp; poc &amp; gay!? into it. ğŸ‘,i didn't know this. and there i thought agents of shield was the most diverse show on tv...
722040,the same thing i've been telling you for a month...ight yoooğŸ‘ğŸ‘,too funny. i'm looking forward to seeing you guys do your thing at the invitational.
722096,i'm a fan of how many times you've used the word clever in various ways ğŸ‘,copy editing is for copy editors. i shoot from the hip.
722770,adding to the at in,have fun ğŸ˜ğŸ‘
723670,npd locked bro ğŸ‘,be a good one
723862,yea i read it in metalhammer yrs agoğŸ‘,damn so that's why reunion failed
724614,"it was nice to see you again, luis! (and your pics will always be awesome when they're with sailor beyonce lol)",haha yes sailor beyonce forever.ğŸ˜‚ hope to see you at another con soonğŸ‘
728532,is a friend,"you betcha, bud ğŸ˜ğŸ‘"
731574,1 year difference,glad you beat the jaundice ğŸ‘
733354,you left our best u/21 talent out ! hippy !!!!! the kid will be anythingğŸ‘ğŸ‘,yep i had him and pappy on the bench. i like them both. we have lots of great talks
733652,i just licensed it under creative commons. have fun with it ğŸ‘,"i'll hook you up with some sweet, sweet attribution, natch."
735258,"y'all make it look like this is somewhere to visit, but you won't love it when you're sitting on it with 12 years oâ€¦",no traffic at 1am bud ğŸ‘
736034,"pdx food: le pigeon, one of the nicest restaurants in town: ""you know what, we can't beat juanita's chips"" ğŸ‘ğŸ‘",i want to put my entire face in that and just lay there
736498,love this resource &amp; these tips about volunteering through via,thanks for sharing! loved this interview! ğŸ˜ŠğŸ‘
737322,"you do know you tweeted to the wrong comic con, you should hit up","yeah i figured it'd be better to reach out to the ""main"" page. thanks for the sharp eye &amp; for tagging ğŸ‘"
737722,"i want to see this story, its also happening here in nyc and its very troubling to me that this is happening",you can stream the fox40 live stream at 5:30 ğŸ‘
739748,got my ear plugs! ğŸ‘,oh yeah you'll need em ğŸ¸ğŸ¸
741006,north east of rochester,ahhhh nice ğŸ‘
741894,are you peeing and/or did you pee (good to know to arrive early ty for the heads up),i have successfully peed. thank you for your concern. ğŸ˜ƒğŸ‘
743418,but that's him and he completely redeemed himself to all the viewers all around good guy,couldn't agree with you moreğŸ‘
743454,such an amazing day. y3 is gonna be ğŸ‘ğŸ‘ğŸ‘,get anything noice man?
743536,thank you laurağŸ’œ to you as well. have a relaxing evening/nightğŸ˜˜ğŸ˜˜ğŸ˜˜,thank you!! i will try! ğŸ’œâ¤ï¸ğŸ’œğŸ¤—ğŸ˜˜ğŸ˜˜ğŸ‘
743610,"poke me with a stick when you see me, i'm a big joke","rogen's alright, &amp; at least people like you &amp; don't think you're a pathetic fool that's better off leaving everyone tf alone! ğŸ‘"
743658,this video is from yesterday after we came home from the vet... einstein was all over da vâ€¦,soooo gals you're ok davinci!!! ğŸ‘
745090,9 pilots you don't want to fly with&gt;&gt;,i really enjoy your blog posts ğŸ‘
745806,that record is good,"yeah, they got some older material on bandcamp that's also ğŸ‘"
746368,man seeing you every where at the moment. putting in that time ğŸ‘,def need a break tho lol
746698,my paparazzi skills need work . this is her getting into car.,i appreciate the earnest attempt. ğŸ‘
746890,"been following those posts! i'll have another look, share thoughts when i can. gut tells me it's a different kind of problem.","yes, and inconsistency means it is not globally applicable. so probably not appropriate. still, making me think, which is ğŸ‘"
747608,we determine our own faith...poor life style choices will come back &amp; bite u in the butt! but u already know that &amp; do better!/6,it can happen to the best of us. main thing is you are ok thank god. ğŸ‘ğŸ‘
748398,"awesome that you're a judge, gregg... looks like a great judging group!",the judges are good... the content will be great! love seeing all the amazing work! ğŸ‘
751654,that's an mlb sweepğŸ‘Œ kc/cleveland f5 u/5ğŸ’° detroit tt o/4.5ğŸ’° cardinals f5 mlğŸ’° hoping u cashed alsoğŸ‘,just about time ..!!!! flipping the coin in mlb from last night ..!!! ğŸ’ªğŸ’ªğŸ’ªğŸ’ª
752982,one of the last all night road trips leading towards the grandsâ€¦,keep on truckin little buddy!!!ğŸ‘
753156,"grrr... ğŸ˜¡ grrr... ğŸ˜¡ that's right, let that anger out, u will feel better ğŸ‘",aw were girls with opinions mean to you in high school? cry me a river
